SJAG_01112	YDR264C
SJAG_01112	YOR034C
SJAG_01110	YMR075W
SJAG_01111	YBR289W
SJAG_03028	YPR137W
SJAG_03577	YGR257C
SJAG_03868	YMR262W
SJAG_04882	YOL061W
SJAG_03490	YDR529C
SJAG_04058	YOL019W
SJAG_03243	YGL009C
SJAG_03016	YBR141C
SJAG_03679	YIL145C
SJAG_04003	YFL037W
SJAG_03115	YJR013W
SJAG_04015	YGR020C
SJAG_04852	YGR005C
SJAG_03103	YDR192C
SJAG_03568	YGR118W
SJAG_03568	YPR132W
SJAG_03022	YHR113W
SJAG_02988	YOR391C
SJAG_02988	YMR322C
SJAG_02988	YPL280W
SJAG_02988	YDR533C
SJAG_03708	YNR012W
SJAG_04963	YFR021W
SJAG_04999	YFR003C
SJAG_04044	YLR166C
SJAG_03842	YJR134C
SJAG_03349	YNR043W
SJAG_04363	YGL027C
SJAG_02940	YLL063C
SJAG_04088	YIL075C
SJAG_03452	YHR002W
SJAG_04388	YGL073W
SJAG_04232	YGL180W
SJAG_03664	YER051W
SJAG_03441	YAL034C
SJAG_03441	YOR338W
SJAG_03847	YDL207W
SJAG_03273	YGR268C
SJAG_04064	YDR332W
SJAG_03563	YGR046W
SJAG_05008	YBL057C
SJAG_05311	YDR297W
SJAG_04106	YJR063W
SJAG_03593	YMR153W
SJAG_03593	YDL088C
SJAG_03048	YBR160W
SJAG_04406	YML038C
SJAG_04905	YDR343C
SJAG_04905	YJR158W
SJAG_04905	YDR345C
SJAG_04905	YHR092C
SJAG_04905	YOL156W
SJAG_04905	YEL069C
SJAG_04905	YDR342C
SJAG_04905	YHR094C
SJAG_04905	YJL214W
SJAG_04905	YDL245C
SJAG_04905	YHR096C
SJAG_04905	YJL219W
SJAG_04905	YLR081W
SJAG_04905	YMR011W
SJAG_04905	YFL011W
SJAG_04352	YLR216C
SJAG_03940	YAL009W
SJAG_02996	YDR245W
SJAG_03653	YHR106W
SJAG_03653	YDR353W
SJAG_03289	YMR228W
SJAG_03087	YNL092W
SJAG_04260	YPL224C
SJAG_04260	YMR177W
SJAG_16457	YPR042C
SJAG_16457	YJR091C
SJAG_02992	YHR200W
SJAG_03669	YKL151C
SJAG_04851	YKL046C
SJAG_04851	YMR238W
SJAG_04391	YER122C
SJAG_03654	YDL148C
SJAG_05290	YDR490C
SJAG_05290	YOL100W
SJAG_05290	YDR466W
SJAG_03828	YJR009C
SJAG_03828	YGR192C
SJAG_03828	YJL052W
SJAG_05000	YMR116C
SJAG_03844	YNL021W
SJAG_04039	YDR191W
SJAG_03396	YJR117W
SJAG_04894	YOL005C
SJAG_04354	YHR128W
SJAG_04912	YJR102C
SJAG_03532	YAL044W-A
SJAG_04957	YJL108C
SJAG_03805	YPR189W
SJAG_03245	YPR094W
SJAG_03367	YPL030W
SJAG_03029	YGL155W
SJAG_04081	YGL078C
SJAG_04411	YNL189W
SJAG_03747	YPL190C
SJAG_04866	YFL058W
SJAG_04866	YNL332W
SJAG_04866	YJR156C
SJAG_04866	YDL244W
SJAG_03120	YGR246C
SJAG_03809	YGR225W
SJAG_03448	YGL122C
SJAG_03881	YLR017W
SJAG_03763	YER143W
SJAG_04118	YLR398C
SJAG_16455	YJL050W
SJAG_03701	YLL027W
SJAG_03933	YML067C
SJAG_03551	YIL104C
SJAG_03943	YGL055W
SJAG_02120	YGR284C
SJAG_03950	YPL003W
SJAG_03095	YDR397C
SJAG_04076	YIL144W
SJAG_03379	YDL117W
SJAG_04889	YDL202W
SJAG_03292	YLR088W
SJAG_04142	YHR154W
SJAG_05029	YKL033W-A
SJAG_04265	YPL207W
SJAG_04884	YGL086W
SJAG_04146	YOL147C
SJAG_03296	YJL003W
SJAG_04096	YBR187W
SJAG_03984	YDL175C
SJAG_03984	YIL079C
SJAG_03750	YHR007C
SJAG_03058	YPR034W
SJAG_03058	YJL081C
SJAG_03648	YMR150C
SJAG_03005	YLR148W
SJAG_04840	YDR268W
SJAG_03131	YNL128W
SJAG_06253	YMR286W
SJAG_04368	YPR056W
SJAG_03132	YDR293C
SJAG_03330	YNL080C
SJAG_04308	YGR245C
SJAG_03820	YDR343C
SJAG_03820	YJR158W
SJAG_03820	YDR345C
SJAG_03820	YHR092C
SJAG_03820	YOL156W
SJAG_03820	YEL069C
SJAG_03820	YDR342C
SJAG_03820	YHR094C
SJAG_03820	YJL214W
SJAG_03820	YDL245C
SJAG_03820	YHR096C
SJAG_03820	YJL219W
SJAG_03820	YLR081W
SJAG_03820	YMR011W
SJAG_03820	YFL011W
SJAG_03144	YOR341W
SJAG_03895	YLR241W
SJAG_03862	YDL120W
SJAG_03155	YIL070C
SJAG_04252	YHR085W
SJAG_04988	YJL060W
SJAG_03864	YGL233W
SJAG_04277	YOR011W
SJAG_04277	YIL013C
SJAG_04409	YNL073W
SJAG_04221	YML104C
SJAG_05006	YDL106C
SJAG_04978	YOL018C
SJAG_05330	YNL267W
SJAG_04898	YDL209C
SJAG_04424	YML093W
SJAG_04190	YBR088C
SJAG_03140	YGL234W
SJAG_03865	YOR164C
SJAG_03694	YLR085C
SJAG_03658	YDR091C
SJAG_03792	YFL024C
SJAG_04857	YGR133W
SJAG_04285	YPL040C
SJAG_03558	YDL195W
SJAG_03465	YNL084C
SJAG_03505	YLR283W
SJAG_03275	YGR267C
SJAG_03553	YOR196C
SJAG_04893	YBR282W
SJAG_03561	YGL240W
SJAG_03671	YGL184C
SJAG_03612	YJR052W
SJAG_03154	YGR149W
SJAG_03114	YDL004W
SJAG_03475	YJR010W
SJAG_03138	YDR438W
SJAG_03138	YML018C
SJAG_03920	YMR118C
SJAG_03920	YKL141W
SJAG_04991	YNL227C
SJAG_04425	YMR321C
SJAG_04425	YLL062C
SJAG_04425	YPL273W
SJAG_05303	YNL265C
SJAG_04960	YJL085W
SJAG_03567	YNL088W
SJAG_03209	YNR047W
SJAG_03209	YCR091W
SJAG_03018	YGR060W
SJAG_03248	YJR110W
SJAG_05001	YLR300W
SJAG_05001	YOR190W
SJAG_05001	YDR261C
SJAG_04097	YNL107W
SJAG_03613	YBR114W
SJAG_04982	YOR122C
SJAG_03409	YDR173C
SJAG_03176	YOR150W
SJAG_03006	YDL074C
SJAG_03113	YOR359W
SJAG_04309	YIL097W
SJAG_05313	YIL126W
SJAG_05313	YOR290C
SJAG_03297	YNL185C
SJAG_03295	YKR042W
SJAG_03295	YJL116C
SJAG_03295	YIL123W
SJAG_03295	YNL066W
SJAG_02985	YBL015W
SJAG_05024	YBL039C
SJAG_05024	YJR103W
SJAG_03596	YMR032W
SJAG_04360	YMR125W
SJAG_03907	YLR208W
SJAG_03602	YCL024W
SJAG_03602	YKL101W
SJAG_03602	YDR507C
SJAG_04841	YBL034C
SJAG_03432	YKL121W
SJAG_03432	YMR102C
SJAG_03665	YKL114C
SJAG_03342	YML064C
SJAG_03575	YLR127C
SJAG_02979	YLR203C
SJAG_03598	YMR202W
SJAG_03358	YGR082W
SJAG_03696	YJL080C
SJAG_03053	YDR337W
SJAG_04328	YEL006W
SJAG_04328	YIL006W
SJAG_03249	YMR015C
SJAG_03024	YGL012W
SJAG_05027	YJR137C
SJAG_05009	YIL061C
SJAG_05304	YDL079C
SJAG_05304	YMR139W
SJAG_03835	YHR172W
SJAG_04398	YNL238W
SJAG_04974	YHR065C
SJAG_03573	YLR071C
SJAG_03398	YPL111W
SJAG_03070	YER112W
SJAG_03545	YBL076C
SJAG_03776	YPL254W
SJAG_04953	YLR043C
SJAG_04953	YGR209C
SJAG_04953	YCR083W
SJAG_04121	YDL143W
SJAG_03123	YGR229C
SJAG_03934	YBR117C
SJAG_03934	YPR074C
SJAG_03906	YOR346W
SJAG_02994	YGL091C
SJAG_04353	YKL160W
SJAG_03457	YDR300C
SJAG_03457	YHR033W
SJAG_03368	YDR100W
SJAG_04126	YDL028C
SJAG_04346	YOR206W
SJAG_04060	YPR167C
SJAG_04839	YLR176C
SJAG_03837	YML128C
SJAG_04933	YGL244W
SJAG_03588	YLR304C
SJAG_03311	YGL047W
SJAG_03182	YJL039C
SJAG_04349	YPL065W
SJAG_04094	YPL104W
SJAG_05329	YNL172W
SJAG_03886	YMR080C
SJAG_03118	YOR123C
SJAG_04180	YDR161W
SJAG_04924	YDR182W
SJAG_03734	YMR137C
SJAG_03021	YDL234C
SJAG_04151	YKL034W
SJAG_03163	YDR148C
SJAG_04288	YDR196C
SJAG_05302	YGR062C
SJAG_03822	YGL256W
SJAG_03336	YIL107C
SJAG_04359	YHR009C
SJAG_04282	YPR121W
SJAG_04282	YPL258C
SJAG_04282	YOL055C
SJAG_03752	YMR223W
SJAG_03298	YOR209C
SJAG_03843	YDR510W
SJAG_03407	YIL108W
SJAG_03073	YOR058C
SJAG_03964	YHR201C
SJAG_03386	YPL236C
SJAG_04225	YKL051W
SJAG_04182	YKR038C
SJAG_03516	YOL130W
SJAG_03516	YFL050C
SJAG_04351	YLR289W
SJAG_03784	YKL117W
SJAG_03609	YOR245C
SJAG_03794	YNL007C
SJAG_03695	YDR052C
SJAG_03578	YPR010C
SJAG_04235	YMR028W
SJAG_04917	YCR042C
SJAG_04838	YLR051C
SJAG_03152	YJR139C
SJAG_04029	YER102W
SJAG_04029	YBL072C
SJAG_04931	YBR288C
SJAG_04855	YDR026C
SJAG_04855	YBR049C
SJAG_03508	YNL127W
SJAG_04246	YLR411W
SJAG_03620	YOR118W
SJAG_04127	YGL022W
SJAG_03555	YJL183W
SJAG_04909	YBL050W
SJAG_03883	YER068W
SJAG_04357	YMR314W
SJAG_02951	YBR019C
SJAG_02943	YOR049C
SJAG_03536	YPL232W
SJAG_03536	YMR183C
SJAG_03614	YPR118W
SJAG_03014	YFL036W
SJAG_04307	YPL117C
SJAG_03866	YOR291W
SJAG_03157	YDL160C
SJAG_04233	YGR024C
SJAG_04964	YNL010W
SJAG_03479	YNR038W
SJAG_03898	YMR190C
SJAG_03470	YOR160W
SJAG_04125	YKL086W
SJAG_03161	YLR272C
SJAG_04342	YPL081W
SJAG_04342	YBR189W
SJAG_03625	YLL021W
SJAG_04432	YKR065C
SJAG_03946	YPL188W
SJAG_04024	YLR417W
SJAG_03646	YBR056W
SJAG_03668	YDR392W
SJAG_03247	YNL257C
SJAG_03247	YHR155W
SJAG_03137	YML001W
SJAG_05014	YHR077C
SJAG_03892	YPR173C
SJAG_03499	YDR189W
SJAG_03899	YCL038C
SJAG_03425	YGL076C
SJAG_03425	YPL198W
SJAG_03923	YLR430W
SJAG_05017	YLR423C
SJAG_04114	YJR035W
SJAG_04410	YOR258W
SJAG_04234	YNL035C
SJAG_03775	YBR248C
SJAG_03584	YHL004W
SJAG_04923	YKL019W
SJAG_03290	YPL017C
SJAG_03810	YJL031C
SJAG_02991	YPL029W
SJAG_04263	YLR354C
SJAG_04263	YGR043C
SJAG_04883	YOR311C
SJAG_04413	YML072C
SJAG_04413	YOR086C
SJAG_04413	YNL087W
SJAG_03066	YGR216C
SJAG_04848	YDR165W
SJAG_03572	YOR243C
SJAG_03251	YNL181W
SJAG_03286	YJR119C
SJAG_04407	YNR052C
SJAG_03861	YMR189W
SJAG_04899	YNL315C
SJAG_04113	YOR251C
SJAG_04259	YGL093W
SJAG_04372	YMR106C
SJAG_04287	YPL153C
SJAG_04375	YJR076C
SJAG_03656	YOR002W
SJAG_03688	YLR314C
SJAG_03453	YOR101W
SJAG_03453	YNL098C
SJAG_03643	YJL084C
SJAG_03643	YKR021W
SJAG_03334	YPR011C
SJAG_03836	YIL063C
SJAG_03502	YNL070W
SJAG_04330	YPR143W
SJAG_03328	YLR105C
SJAG_04216	YKL138C
SJAG_04865	YMR208W
SJAG_03416	YAL010C
SJAG_04274	YGL112C
SJAG_03102	YML082W
SJAG_03102	YJR130C
SJAG_03504	YJL207C
SJAG_03299	YMR047C
SJAG_03299	YKL068W
SJAG_03914	YBR263W
SJAG_03030	YFR041C
SJAG_03859	YBR181C
SJAG_03859	YPL090C
SJAG_03044	YBL047C
SJAG_03268	YDL226C
SJAG_04993	YOL093W
SJAG_03677	YPL101W
SJAG_05294	YCL005W-A
SJAG_03797	YJR069C
SJAG_04105	YDL109C
SJAG_04105	YGL144C
SJAG_04105	YDR444W
SJAG_03280	YBR229C
SJAG_03550	YGR021W
SJAG_03896	YHR111W
SJAG_03745	YOR001W
SJAG_04944	YDR044W
SJAG_03992	YPR037C
SJAG_03764	YGR227W
SJAG_03067	YJR066W
SJAG_03067	YKL203C
SJAG_04973	YDL109C
SJAG_04973	YGL144C
SJAG_04973	YDR444W
SJAG_03498	YML117W
SJAG_03285	YML015C
SJAG_03698	YIL026C
SJAG_05287	YIR032C
SJAG_03415	YNL131W
SJAG_04159	YIL064W
SJAG_04304	YOL127W
SJAG_03595	YDR497C
SJAG_03595	YOL103W
SJAG_03188	YDL055C
SJAG_03404	YOR322C
SJAG_04984	YDL119C
SJAG_03211	YPL046C
SJAG_04198	YOR166C
SJAG_03925	YKL016C
SJAG_03072	YML001W
SJAG_03751	YGL183C
SJAG_04248	YDR152W
SJAG_04258	YGL008C
SJAG_04258	YPL036W
SJAG_03046	YGR112W
SJAG_04378	YIL093C
SJAG_03754	YBL106C
SJAG_03754	YPR032W
SJAG_04870	YOR163W
SJAG_03662	YER110C
SJAG_04384	YGR048W
SJAG_04396	YJL105W
SJAG_04396	YKR029C
SJAG_03650	YGR257C
SJAG_03451	YNL261W
SJAG_03185	YDL006W
SJAG_02954	YBR018C
SJAG_03091	YGL067W
SJAG_04002	YDR238C
SJAG_04000	YGR255C
SJAG_03948	YDR061W
SJAG_03755	YOR006C
SJAG_03712	YGL125W
SJAG_03651	YLR097C
SJAG_03793	YKL190W
SJAG_04208	YEL020W-A
SJAG_04367	YGL236C
SJAG_04019	YMR024W
SJAG_04289	YKL014C
SJAG_03889	YGL095C
SJAG_03858	YGR225W
SJAG_03043	YPR043W
SJAG_03043	YJR094W-A
SJAG_03949	YDR140W
SJAG_02117	YPL176C
SJAG_02117	YOR256C
SJAG_04980	YJL141C
SJAG_03459	YNL284C
SJAG_03525	YGR109C
SJAG_03525	YPR120C
SJAG_03863	YGR201C
SJAG_03266	YOR375C
SJAG_03266	YAL062W
SJAG_04175	YHR187W
SJAG_04085	YKL191W
SJAG_05322	YGL178W
SJAG_05322	YGL014W
SJAG_05007	YGL026C
SJAG_03633	YER154W
SJAG_04231	YMR013C
SJAG_04050	YDR348C
SJAG_04050	YHR097C
SJAG_04942	YNL251C
SJAG_03401	YBR235W
SJAG_03692	YCR054C
SJAG_04116	YLR218C
SJAG_16454	YIL031W
SJAG_03433	YPR163C
SJAG_04034	YBR236C
SJAG_03753	YJL095W
SJAG_04399	YHR106W
SJAG_04399	YDR353W
SJAG_03324	YMR026C
SJAG_04972	YPL231W
SJAG_03608	YDR343C
SJAG_03608	YJR158W
SJAG_03608	YDR345C
SJAG_03608	YHR092C
SJAG_03608	YOL156W
SJAG_03608	YEL069C
SJAG_03608	YDR342C
SJAG_03608	YHR094C
SJAG_03608	YJL214W
SJAG_03608	YDL245C
SJAG_03608	YHR096C
SJAG_03608	YJL219W
SJAG_03608	YLR081W
SJAG_03608	YMR011W
SJAG_03608	YFL011W
SJAG_03622	YBR193C
SJAG_03316	YLR299W
SJAG_04215	YJL197W
SJAG_04046	YOR288C
SJAG_03942	YDR225W
SJAG_03942	YBL003C
SJAG_04155	YNL135C
SJAG_03597	YCR093W
SJAG_04136	YPR138C
SJAG_04136	YGR121C
SJAG_03993	YNL245C
SJAG_06309	YBR217W
SJAG_03181	YNR003C
SJAG_06611	YNL036W
SJAG_04109	YDR047W
SJAG_04938	YFL027C
SJAG_04994	YIR008C
SJAG_03237	YDL229W
SJAG_03492	YMR226C
SJAG_04921	YCR084C
SJAG_03270	YAL007C
SJAG_03270	YOR016C
SJAG_03270	YDL018C
SJAG_02968	YMR319C
SJAG_04389	YCR033W
SJAG_04176	YLR075W
SJAG_03069	YDL141W
SJAG_03748	YFL047W
SJAG_03627	YGL194C
SJAG_03851	YNL242W
SJAG_04873	YCR059C
SJAG_03302	YOL073C
SJAG_03789	YLL035W
SJAG_04418	YBR223C
SJAG_03874	YDR514C
SJAG_03874	YCL036W
SJAG_03252	YNL075W
SJAG_03466	YKL009W
SJAG_03531	YML008C
SJAG_04934	YOR116C
SJAG_03410	YEL026W
SJAG_04966	YMR231W
SJAG_04845	YDR236C
SJAG_04433	YOR308C
SJAG_03263	YIL113W
SJAG_03263	YNL053W
SJAG_02997	YNL329C
SJAG_03086	YLR370C
SJAG_03676	YER005W
SJAG_03515	YMR203W
SJAG_03849	YNR032C-A
SJAG_03464	YIL065C
SJAG_03496	YLR106C
SJAG_04846	YBR246W
SJAG_04394	YHR205W
SJAG_05019	YJL074C
SJAG_03552	YLR026C
SJAG_04965	YDR393W
SJAG_03632	YOL052C
SJAG_03618	YDR460W
SJAG_05013	YER074W-A
SJAG_04087	YPL247C
SJAG_05286	YPL246C
SJAG_04021	YDR246W
SJAG_03963	YDR027C
SJAG_03922	YGR148C
SJAG_03922	YGL031C
SJAG_04008	YKL087C
SJAG_03913	YOL102C
SJAG_03524	YNL169C
SJAG_04283	YNL001W
SJAG_03011	YAL029C
SJAG_03108	YDL236W
SJAG_04098	YJR016C
SJAG_02963	YMR318C
SJAG_02963	YCR105W
SJAG_05032	YPR180W
SJAG_03309	YNL157W
SJAG_03309	YHR132W-A
SJAG_03774	YBL020W
SJAG_03840	YOR077W
SJAG_03071	YOL033W
SJAG_03151	YJL001W
SJAG_04224	YLR222C
SJAG_03357	YBR102C
SJAG_03354	YBR123C
SJAG_04284	YLR335W
SJAG_03903	YJR009C
SJAG_03903	YGR192C
SJAG_03903	YJL052W
SJAG_04095	YJL183W
SJAG_04280	YJL187C
SJAG_04028	YNL321W
SJAG_03616	YIL008W
SJAG_03173	YPL172C
SJAG_04435	YHR079C
SJAG_03839	YNL059C
SJAG_03159	YGL103W
SJAG_03226	YLR115W
SJAG_04952	YBL082C
SJAG_03684	YPR088C
SJAG_03210	YPL213W
SJAG_04111	YOL060C
SJAG_03869	YDR257C
SJAG_02990	YOR244W
SJAG_02955	YBR132C
SJAG_03929	YNL111C
SJAG_04355	YDR190C
SJAG_03191	YPL054W
SJAG_04996	YNL121C
SJAG_04996	YHR117W
SJAG_04013	YGR100W
SJAG_03353	YOR014W
SJAG_03231	YNL259C
SJAG_04916	YHR062C
SJAG_03235	YLR100W
SJAG_03321	YDL147W
SJAG_03009	YBR074W
SJAG_04272	YPR018W
SJAG_04295	YLL055W
SJAG_04068	YDR343C
SJAG_04068	YJR158W
SJAG_04068	YDR345C
SJAG_04068	YHR092C
SJAG_04068	YOL156W
SJAG_04068	YEL069C
SJAG_04068	YDR342C
SJAG_04068	YHR094C
SJAG_04068	YJL214W
SJAG_04068	YDL245C
SJAG_04068	YHR096C
SJAG_04068	YJL219W
SJAG_04068	YLR081W
SJAG_04068	YMR011W
SJAG_04068	YFL011W
SJAG_04131	YPR051W
SJAG_04129	YOR052C
SJAG_04065	YNL292W
SJAG_03657	YIL030C
SJAG_03406	YPL234C
SJAG_05003	YPL237W
SJAG_03900	YGR274C
SJAG_03915	YGL210W
SJAG_03915	YER031C
SJAG_03723	YEL058W
SJAG_03936	YIL106W
SJAG_03801	YCL052C
SJAG_04301	YIL162W
SJAG_03931	YGL019W
SJAG_03364	YJL189W
SJAG_03310	YOR090C
SJAG_05300	YER154W
SJAG_04920	YHR177W
SJAG_04920	YEL007W
SJAG_04877	YJR006W
SJAG_03047	YOL012C
SJAG_04902	YJL029C
SJAG_04144	YPR108W
SJAG_04276	YGR194C
SJAG_03167	YDR354W
SJAG_03303	YHR008C
SJAG_03214	YMR268C
SJAG_02977	YHR011W
SJAG_03818	YBR019C
SJAG_03007	YNL039W
SJAG_03592	YAR018C
SJAG_04059	YCR048W
SJAG_04059	YNR019W
SJAG_03034	YBR181C
SJAG_03034	YPL090C
SJAG_03760	YHR049W
SJAG_03760	YMR222C
SJAG_03760	YOR280C
SJAG_03737	YLR066W
SJAG_03124	YNL316C
SJAG_04403	YMR038C
SJAG_05296	YDR320C
SJAG_04387	YML085C
SJAG_04387	YML124C
SJAG_03306	YLR027C
SJAG_03956	YNL248C
SJAG_04434	YPR176C
SJAG_03107	YPR178W
SJAG_04119	YPL076W
SJAG_03786	YER073W
SJAG_03786	YOR374W
SJAG_03408	YDR427W
SJAG_03560	YPL063W
SJAG_02958	YDR343C
SJAG_02958	YJR158W
SJAG_02958	YDR345C
SJAG_02958	YHR092C
SJAG_02958	YOL156W
SJAG_02958	YEL069C
SJAG_02958	YDR342C
SJAG_02958	YHR094C
SJAG_02958	YJL214W
SJAG_02958	YDL245C
SJAG_02958	YHR096C
SJAG_02958	YJL219W
SJAG_02958	YLR081W
SJAG_02958	YMR011W
SJAG_02958	YFL011W
SJAG_03635	YMR176W
SJAG_03715	YLR450W
SJAG_03715	YML075C
SJAG_03672	YDR331W
SJAG_03897	YKL078W
SJAG_03112	YLR323C
SJAG_03678	YKR026C
SJAG_04281	YER050C
SJAG_02950	YBR020W
SJAG_02950	YDR009W
SJAG_04850	YKL046C
SJAG_04850	YMR238W
SJAG_04321	YOL142W
SJAG_03284	YDR116C
SJAG_04001	YKL129C
SJAG_04001	YMR109W
SJAG_05319	YDR320C-A
SJAG_04298	YIR030C
SJAG_04338	YDR141C
SJAG_03405	YGL023C
SJAG_05332	YOR133W
SJAG_05332	YDR385W
SJAG_04936	YPL002C
SJAG_04318	YJL203W
SJAG_03146	YCR030C
SJAG_03300	YKR095W
SJAG_03300	YIL149C
SJAG_04230	YDR243C
SJAG_05320	YMR158W
SJAG_03967	YKL139W
SJAG_04027	YMR226C
SJAG_03217	YKL089W
SJAG_04007	YER182W
SJAG_03743	YLR044C
SJAG_03743	YLR134W
SJAG_03743	YGR087C
SJAG_03743	YDL080C
SJAG_03798	YDL166C
SJAG_03670	YGR172C
SJAG_03529	YGR052W
SJAG_03141	YHR025W
SJAG_03002	YJR074W
SJAG_03056	YGL065C
SJAG_03224	YOR241W
SJAG_03771	YHR144C
SJAG_02957	YOR049C
SJAG_03930	YNR021W
SJAG_03977	YBR111C
SJAG_03322	YPL132W
SJAG_03170	YER120W
SJAG_04165	YKL165C
SJAG_03438	YOR351C
SJAG_03337	YNR018W
SJAG_03730	YLL008W
SJAG_03436	YOL034W
SJAG_04981	YMR309C
SJAG_04036	YML007W
SJAG_03987	YER123W
SJAG_03240	YLR401C
SJAG_03267	YKL033W
SJAG_04358	YDR407C
SJAG_03442	YPL019C
SJAG_03442	YFL004W
SJAG_04053	YOR321W
SJAG_04053	YAL023C
SJAG_04053	YGR198W
SJAG_04053	YGR199W
SJAG_04041	YPR139C
SJAG_04316	YDL093W
SJAG_04316	YDL095W
SJAG_03485	YGL148W
SJAG_04012	YML094W
SJAG_03434	YGR019W
SJAG_03134	YML020W
SJAG_03687	YAL032C
SJAG_03179	YGR195W
SJAG_03380	YMR092C
SJAG_03077	YMR128W
SJAG_04366	YGL238W
SJAG_03387	YGL131C
SJAG_03371	YGR163W
SJAG_03351	YHR166C
SJAG_05327	YGL142C
SJAG_05004	YOR188W
SJAG_03795	YPR028W
SJAG_03761	YDR045C
SJAG_04262	YOR137C
SJAG_04262	YLR361C
SJAG_03355	YGR061C
SJAG_03447	YJL163C
SJAG_03878	YOR149C
SJAG_05295	YHL022C
SJAG_03681	YOR014W
SJAG_03628	YHR090C
SJAG_03495	YKL017C
SJAG_03785	YLL048C
SJAG_04210	YPR019W
SJAG_04186	YDL042C
SJAG_04186	YOL068C
SJAG_03540	YLR045C
SJAG_03458	YDR087C
SJAG_03098	YIR035C
SJAG_03098	YIR036C
SJAG_03543	YNL031C
SJAG_03543	YBR010W
SJAG_02114	YOR049C
SJAG_04843	YPL262W
SJAG_03713	YDR083W
SJAG_04153	YGR095C
SJAG_03802	YGL208W
SJAG_03802	YER027C
SJAG_03569	YLL011W
SJAG_04939	YJL126W
SJAG_03223	YOL139C
SJAG_03366	YJL115W
SJAG_03352	YJL167W
SJAG_03471	YMR246W
SJAG_03471	YIL009W
SJAG_03471	YOR317W
SJAG_04005	YFL049W
SJAG_03220	YAL034W-A
SJAG_02945	YJR009C
SJAG_02945	YGR192C
SJAG_02945	YJL052W
SJAG_04930	YMR212C
SJAG_03395	YHR194W
SJAG_03911	YGL035C
SJAG_03911	YGL209W
SJAG_03911	YER028C
SJAG_03350	YKL022C
SJAG_04885	YKR079C
SJAG_02998	YMR308C
SJAG_03787	YLR357W
SJAG_03787	YGR056W
SJAG_03574	YDR511W
SJAG_04380	YGL243W
SJAG_03901	YPL157W
SJAG_04986	YJL134W
SJAG_04986	YKR053C
SJAG_04270	YHR042W
SJAG_03832	YFR031C
SJAG_03483	YDR055W
SJAG_03483	YDR522C
SJAG_03483	YBR078W
SJAG_03483	YCL048W
SJAG_04014	YOR232W
SJAG_03850	YGL167C
SJAG_04033	YGR145W
SJAG_03539	YOR056C
SJAG_04052	YNL020C
SJAG_04052	YIL095W
SJAG_04052	YBR059C
SJAG_04200	YDR162C
SJAG_03082	YNL029C
SJAG_03082	YIL085C
SJAG_04158	YMR212C
SJAG_03413	YKL172W
SJAG_04038	YER164W
SJAG_03455	YDR063W
SJAG_03606	YDR343C
SJAG_03606	YJR158W
SJAG_03606	YDR345C
SJAG_03606	YHR092C
SJAG_03606	YOL156W
SJAG_03606	YEL069C
SJAG_03606	YDR342C
SJAG_03606	YHR094C
SJAG_03606	YJL214W
SJAG_03606	YDL245C
SJAG_03606	YHR096C
SJAG_03606	YJL219W
SJAG_03606	YLR081W
SJAG_03606	YMR011W
SJAG_03606	YFL011W
SJAG_04100	YIL062C
SJAG_03649	YML025C
SJAG_03880	YCR019W
SJAG_03032	YJR131W
SJAG_03535	YDR221W
SJAG_03374	YHR107C
SJAG_03315	YLR065C
SJAG_03305	YBL011W
SJAG_03305	YKR067W
SJAG_03796	YAL033W
SJAG_03050	YNL323W
SJAG_04264	YKL033W-A
SJAG_03585	YKL194C
SJAG_03641	YAL044C
SJAG_03921	YKR025W
SJAG_04062	YNL182C
SJAG_05016	YDR410C
SJAG_03156	YGR090W
SJAG_04067	YHR215W
SJAG_04067	YBR092C
SJAG_04067	YDL024C
SJAG_04067	YBR093C
SJAG_04067	YAR071W
SJAG_03038	YMR302C
SJAG_04345	YLR207W
SJAG_02974	YPR089W
SJAG_04069	YDR449C
SJAG_04290	YBR173C
SJAG_04906	YPL053C
SJAG_04196	YGL200C
SJAG_04201	YML036W
SJAG_03230	YNL097C
SJAG_04970	YKL181W
SJAG_04112	YMR292W
SJAG_04853	YGL003C
SJAG_04370	YLL006W
SJAG_04022	YGL044C
SJAG_03720	YBL088C
SJAG_03255	YPL181W
SJAG_04319	YNL130C
SJAG_04319	YHR123W
SJAG_04166	YGR203W
SJAG_04214	YDL087C
SJAG_04173	YNR036C
SJAG_03528	YNR039C
SJAG_04213	YLR321C
SJAG_03174	YCR036W
SJAG_03773	YGL136C
SJAG_03096	YOR155C
SJAG_05306	YMR123W
SJAG_04185	YGL255W
SJAG_02952	YNL110C
SJAG_03158	YNL041C
SJAG_03143	YCR065W
SJAG_03008	YIL096C
SJAG_04108	YKR081C
SJAG_04397	YER141W
SJAG_06603	YNR041C
SJAG_03361	YDL135C
SJAG_04376	YMR152W
SJAG_03206	YIL143C
SJAG_04148	YDL116W
SJAG_03254	YDL061C
SJAG_03254	YLR388W
SJAG_04219	YDL113C
SJAG_04219	YDR425W
SJAG_03250	YNR006W
SJAG_04169	YDR305C
SJAG_03025	YLL050C
SJAG_03215	YEL053C
SJAG_03469	YOR159C
SJAG_03710	YOL009C
SJAG_03486	YER129W
SJAG_03486	YGL179C
SJAG_04134	YNR055C
SJAG_04187	YLL026W
SJAG_03700	YHR100C
SJAG_03638	YHR027C
SJAG_05022	YER100W
SJAG_03503	YIL134W
SJAG_04117	YBR065C
SJAG_03636	YNL005C
SJAG_04306	YOL038W
SJAG_03162	YNR008W
SJAG_03624	YNL222W
SJAG_03227	YPL096W
SJAG_04856	YCR024C
SJAG_04842	YLR044C
SJAG_04842	YLR134W
SJAG_04842	YGR087C
SJAG_04842	YDL080C
SJAG_03959	YBR017C
SJAG_04261	YPR187W
SJAG_03246	YPR095C
SJAG_03615	YOL054W
SJAG_04256	YOL040C
SJAG_02978	YFL001W
SJAG_04077	YMR032W
SJAG_03467	YBR254C
SJAG_03686	YMR304W
SJAG_03909	YMR246W
SJAG_03909	YIL009W
SJAG_03909	YOR317W
SJAG_04183	YHR164C
SJAG_03659	YDR502C
SJAG_03659	YLR180W
SJAG_03228	YPL208W
SJAG_03228	YHL039W
SJAG_03717	YOR027W
SJAG_03944	YMR091C
SJAG_03127	YFR032C-A
SJAG_03125	YNL124W
SJAG_03617	YCL031C
SJAG_04337	YPL189W
SJAG_04337	YGL084C
SJAG_03971	YKR094C
SJAG_03971	YIL148W
SJAG_03783	YKL041W
SJAG_03556	YER043C
SJAG_04385	YBL051C
SJAG_03905	YLR449W
SJAG_03905	YML074C
SJAG_03222	YKL040C
SJAG_04837	YML077W
SJAG_04004	YER006W
SJAG_03460	YLR438C-A
SJAG_04178	YMR296C
SJAG_03090	YDR052C
SJAG_04242	YMR027W
SJAG_04188	YML026C
SJAG_04188	YDR450W
SJAG_04968	YKL193C
SJAG_04862	YJL102W
SJAG_03164	YEL021W
SJAG_03100	YDL149W
SJAG_04874	YHL014C
SJAG_03333	YML019W
SJAG_03333	YOR085W
SJAG_03427	YKL095W
SJAG_03699	YDL155W
SJAG_03699	YLR210W
SJAG_03732	YAL035W
SJAG_03548	YBR034C
SJAG_02193	YKL039W
SJAG_02193	YHL017W
SJAG_02386	YJL125C
SJAG_00669	YMR162C
SJAG_00319	YPL212C
SJAG_00319	YGL063W
SJAG_02786	YKL056C
SJAG_02601	YKR084C
SJAG_02306	YJR122W
SJAG_05261	YIL156W-B
SJAG_02185	YML049C
SJAG_00875	YGL083W
SJAG_02541	YBR198C
SJAG_02885	YCR034W
SJAG_02885	YJL196C
SJAG_00976	YGL187C
SJAG_02478	YMR244W
SJAG_00488	YDR037W
SJAG_00390	YLR397C
SJAG_02760	YPL150W
SJAG_02897	YER166W
SJAG_02897	YDR093W
SJAG_00882	YGR103W
SJAG_02602	YKL209C
SJAG_02849	YOL135C
SJAG_05191	YEL003W
SJAG_02324	YPL013C
SJAG_02487	YMR313C
SJAG_02385	YGR002C
SJAG_00988	YJL101C
SJAG_00413	YPL028W
SJAG_00755	YPR191W
SJAG_01089	YKL035W
SJAG_00328	YDR205W
SJAG_00196	YKL195W
SJAG_02797	YIR004W
SJAG_02797	YER048C
SJAG_00083	YDL208W
SJAG_00891	YGL153W
SJAG_00987	YDL056W
SJAG_00534	YDR028C
SJAG_00798	YDL031W
SJAG_02288	YER168C
SJAG_02543	YKL094W
SJAG_00524	YNL153C
SJAG_00182	YML100W
SJAG_00182	YMR261C
SJAG_00866	YGR193C
SJAG_00255	YHR070W
SJAG_00499	YOR239W
SJAG_01070	YJR105W
SJAG_02313	YIL074C
SJAG_02313	YER081W
SJAG_00179	YNL229C
SJAG_00472	YOR296W
SJAG_00839	YBR196C
SJAG_02685	YDL190C
SJAG_05272	YKL046C
SJAG_05272	YMR238W
SJAG_02320	YPR055W
SJAG_00750	YOR035C
SJAG_00893	YER140W
SJAG_02753	YJL204C
SJAG_00757	YDR004W
SJAG_05257	YER142C
SJAG_00461	YHR174W
SJAG_00461	YPL281C
SJAG_00461	YGR254W
SJAG_00461	YOR393W
SJAG_00461	YMR323W
SJAG_02832	YML096W
SJAG_02517	YHR019C
SJAG_02660	YDR435C
SJAG_02551	YJR017C
SJAG_00286	YNL063W
SJAG_00168	YCL004W
SJAG_00764	YNL186W
SJAG_02914	YGL231C
SJAG_02331	YGR173W
SJAG_02289	YNL325C
SJAG_00288	YCL043C
SJAG_02457	YMR301C
SJAG_02242	YLR430W
SJAG_00966	YGL094C
SJAG_00223	YFL014W
SJAG_00720	YDL216C
SJAG_00645	YHR171W
SJAG_02813	YJL025W
SJAG_00325	YBL024W
SJAG_02619	YKL197C
SJAG_00997	YKR079C
SJAG_00324	YOR198C
SJAG_00317	YOR353C
SJAG_02421	YPR121W
SJAG_02421	YPL258C
SJAG_02421	YOL055C
SJAG_00369	YNL201C
SJAG_05207	YJL049W
SJAG_00990	YLR452C
SJAG_02762	YGR076C
SJAG_02548	YDL001W
SJAG_00886	YDR120C
SJAG_02379	YPL242C
SJAG_01055	YBR242W
SJAG_01055	YGL101W
SJAG_02624	YLR045C
SJAG_00509	YHL010C
SJAG_00153	YPL167C
SJAG_01074	YPL009C
SJAG_02405	YER134C
SJAG_02444	YHR005C
SJAG_00931	YDR177W
SJAG_02646	YOR065W
SJAG_02598	YJR121W
SJAG_05283	YOR278W
SJAG_00589	YOR049C
SJAG_02298	YBL019W
SJAG_00744	YOR310C
SJAG_00511	YOR269W
SJAG_00745	YOR301W
SJAG_00474	YHR086W
SJAG_00474	YBR212W
SJAG_02898	YDR005C
SJAG_00117	YOL078W
SJAG_00650	YPL082C
SJAG_00980	YBR073W
SJAG_00612	YNL083W
SJAG_02527	YOR005C
SJAG_02250	YJL010C
SJAG_00863	YOR217W
SJAG_00340	YDR055W
SJAG_00340	YDR522C
SJAG_00340	YBR078W
SJAG_00340	YCL048W
SJAG_00054	YIR011C
SJAG_00925	YOR038C
SJAG_00925	YBL008W
SJAG_02424	YGL100W
SJAG_00563	YBL051C
SJAG_02524	YJR135W-A
SJAG_00907	YCL034W
SJAG_00249	YLR116W
SJAG_02408	YNR033W
SJAG_02615	YPR047W
SJAG_02554	YNL197C
SJAG_02554	YDL224C
SJAG_00819	YCR066W
SJAG_02526	YOR017W
SJAG_05199	YJR034W
SJAG_02530	YMR229C
SJAG_00181	YKL157W
SJAG_00181	YHR047C
SJAG_00813	YDR365C
SJAG_00522	YPL134C
SJAG_00522	YOR222W
SJAG_02765	YEL062W
SJAG_02683	YIL090W
SJAG_02240	YLR330W
SJAG_02604	YGR210C
SJAG_00689	YAL025C
SJAG_00498	YDL043C
SJAG_02717	YDL015C
SJAG_00133	YDR298C
SJAG_00613	YNL025C
SJAG_00335	YNL031C
SJAG_00335	YBR010W
SJAG_02927	YBR081C
SJAG_00321	YPL268W
SJAG_00043	YKL184W
SJAG_02225	YMR289W
SJAG_02415	YLR427W
SJAG_02796	YOR347C
SJAG_02796	YAL038W
SJAG_02470	YPL196W
SJAG_00423	YNL091W
SJAG_00649	YNL020C
SJAG_00649	YIL095W
SJAG_00649	YBR059C
SJAG_00284	YPL085W
SJAG_02701	YLR399C
SJAG_02701	YDL070W
SJAG_02174	YKL058W
SJAG_02182	YNL290W
SJAG_00068	YJL091C
SJAG_00878	YPR066W
SJAG_00190	YOR238W
SJAG_02644	YOR294W
SJAG_01044	YDR386W
SJAG_00395	YNL277W
SJAG_02419	YER151C
SJAG_00438	YBR039W
SJAG_02682	YGR118W
SJAG_02682	YPR132W
SJAG_01062	YOR358W
SJAG_00924	YBR243C
SJAG_01021	YKR061W
SJAG_01021	YJL139C
SJAG_00126	YHL030W
SJAG_00802	YGL166W
SJAG_00802	YPR008W
SJAG_02450	YEL046C
SJAG_00111	YLR247C
SJAG_00551	YDL240W
SJAG_02866	YIL128W
SJAG_02596	YIL107C
SJAG_00913	YOR038C
SJAG_00913	YBL008W
SJAG_00822	YER174C
SJAG_00822	YDR098C
SJAG_00380	YDR080W
SJAG_02842	YKL008C
SJAG_02842	YHL003C
SJAG_02627	YKL045W
SJAG_02316	YKL179C
SJAG_02275	YOR048C
SJAG_00572	YCR057C
SJAG_02877	YNL291C
SJAG_00758	YLR005W
SJAG_00203	YJR051W
SJAG_00203	YEL047C
SJAG_00741	YMR005W
SJAG_01053	YDL165W
SJAG_00279	YIL159W
SJAG_00495	YLR438W
SJAG_00774	YNL320W
SJAG_02218	YBR182C
SJAG_02218	YPL089C
SJAG_00885	YJL026W
SJAG_00452	YLL039C
SJAG_02467	YLR172C
SJAG_02231	YGR057C
SJAG_00309	YMR009W
SJAG_00236	YFL034C-B
SJAG_02741	YLR153C
SJAG_02741	YAL054C
SJAG_01075	YPL015C
SJAG_00082	YFR028C
SJAG_00638	YFR019W
SJAG_02774	YHL013C
SJAG_02189	YJR047C
SJAG_02189	YEL034W
SJAG_02861	YML026C
SJAG_02861	YDR450W
SJAG_00243	YGR185C
SJAG_02455	YGR006W
SJAG_02241	YAL030W
SJAG_02241	YOR327C
SJAG_00448	YDR289C
SJAG_02295	YER172C
SJAG_00949	YNL110C
SJAG_00333	YKL189W
SJAG_02656	YOR211C
SJAG_00142	YOR039W
SJAG_00500	YBR114W
SJAG_02654	YBL011W
SJAG_02654	YKR067W
SJAG_02305	YDR062W
SJAG_02748	YDR097C
SJAG_00379	YLR170C
SJAG_01073	YGR231C
SJAG_02900	YFR004W
SJAG_02572	YOR296W
SJAG_00702	YMR018W
SJAG_00702	YDR244W
SJAG_00954	YGR232W
SJAG_00796	YDR180W
SJAG_02783	YFL045C
SJAG_00428	YPR155C
SJAG_02661	YKL205W
SJAG_00877	YGR125W
SJAG_02336	YPL155C
SJAG_02210	YGR119C
SJAG_00626	YPR058W
SJAG_00626	YBR104W
SJAG_02202	YJL020C
SJAG_02768	YAR003W
SJAG_02870	YOL040C
SJAG_00424	YNL090W
SJAG_02691	YGL043W
SJAG_02187	YNL082W
SJAG_00694	YML106W
SJAG_00694	YMR271C
SJAG_02378	YDR188W
SJAG_00935	YOL086W-A
SJAG_02587	YDR323C
SJAG_02243	YGR148C
SJAG_02243	YGL031C
SJAG_00916	YJL099W
SJAG_00916	YKR027W
SJAG_00722	YCL054W
SJAG_00308	YLR281C
SJAG_00234	YDR158W
SJAG_02542	YGR098C
SJAG_00577	YDL030W
SJAG_00359	YPR035W
SJAG_02592	YLR113W
SJAG_00889	YNL137C
SJAG_00301	YJR033C
SJAG_00410	YCR087C-A
SJAG_00175	YOR254C
SJAG_02694	YAL058W
SJAG_02172	YBL035C
SJAG_02895	YIL003W
SJAG_00272	YBR087W
SJAG_00399	YIL150C
SJAG_00734	YGR015C
SJAG_00734	YGR031W
SJAG_02926	YJL111W
SJAG_01048	YNL293W
SJAG_01048	YOL112W
SJAG_00673	YNR058W
SJAG_00444	YLR420W
SJAG_00904	YER022W
SJAG_00751	YLR250W
SJAG_00676	YPL001W
SJAG_02658	YOR330C
SJAG_01043	YML110C
SJAG_00622	YPL110C
SJAG_02922	YDR026C
SJAG_02922	YBR049C
SJAG_00837	YFL007W
SJAG_00762	YOR261C
SJAG_00635	YJL088W
SJAG_02125	YHL016C
SJAG_00315	YKL170W
SJAG_02729	YDR251W
SJAG_02729	YPL032C
SJAG_00747	YNL048W
SJAG_05187	YJL109C
SJAG_00174	YML080W
SJAG_00785	YHR181W
SJAG_02724	YNL273W
SJAG_00260	YLL041C
SJAG_02278	YPL115C
SJAG_02812	YJR047C
SJAG_02812	YEL034W
SJAG_00693	YDL056W
SJAG_02224	YLR287C-A
SJAG_02224	YOR182C
SJAG_00532	YOR226C
SJAG_00532	YPL135W
SJAG_00903	YER163C
SJAG_02426	YHR205W
SJAG_02840	YOL127W
SJAG_00586	YOL032W
SJAG_02571	YDR334W
SJAG_00305	YHR067W
SJAG_02214	YPL020C
SJAG_01005	YLR449W
SJAG_01005	YML074C
SJAG_00901	YPL122C
SJAG_02287	YJL033W
SJAG_00706	YEL020C
SJAG_02872	YGL150C
SJAG_02903	YPR183W
SJAG_02229	YMR244C-A
SJAG_00870	YNL279W
SJAG_00576	YDR185C
SJAG_00576	YLR168C
SJAG_00406	YHR134W
SJAG_00959	YDR086C
SJAG_02777	YNL306W
SJAG_02829	YPL043W
SJAG_00897	YBR247C
SJAG_02850	YLR359W
SJAG_02265	YMR211W
SJAG_02367	YMR074C
SJAG_00979	YNL167C
SJAG_00558	YOR281C
SJAG_00529	YMR113W
SJAG_00529	YKL132C
SJAG_00344	YDL060W
SJAG_00956	YJL087C
SJAG_00803	YGR068C
SJAG_02837	YHR154W
SJAG_02618	YHR074W
SJAG_00633	YDR248C
SJAG_02425	YER009W
SJAG_02432	YEL060C
SJAG_02432	YOR003W
SJAG_00735	YPL129W
SJAG_00735	YOR213C
SJAG_06592	YDL235C
SJAG_02791	YOR184W
SJAG_00261	YLR242C
SJAG_02460	YGL163C
SJAG_02469	YBL026W
SJAG_00533	YFR007W
SJAG_02608	YMR093W
SJAG_01003	YDR517W
SJAG_02698	YAL019W
SJAG_00171	YDR468C
SJAG_00116	YKL028W
SJAG_01080	YJL012C
SJAG_02855	YGL001C
SJAG_02679	YBR011C
SJAG_00156	YCR081W
SJAG_02581	YOR049C
SJAG_00266	YNL167C
SJAG_00102	YLR195C
SJAG_02227	YCR063W
SJAG_02226	YOL090W
SJAG_00210	YMR043W
SJAG_00210	YMR042W
SJAG_00965	YNL308C
SJAG_02344	YPR156C
SJAG_02344	YGR138C
SJAG_02344	YHR048W
SJAG_00075	YLL063C
SJAG_02869	YMR033W
SJAG_00680	YML128C
SJAG_05413	YJL218W
SJAG_00618	YPR135W
SJAG_00992	YNL139C
SJAG_00963	YDL214C
SJAG_00963	YOR267C
SJAG_00963	YDL025C
SJAG_00963	YNL183C
SJAG_02611	YOR063W
SJAG_02199	YNL218W
SJAG_00079	YGR132C
SJAG_02819	YCL068C
SJAG_02819	YCR038C
SJAG_00479	YDR101C
SJAG_02757	YER105C
SJAG_02757	YBL079W
SJAG_02302	YMR023C
SJAG_00562	YGR271C-A
SJAG_00402	YER123W
SJAG_02206	YLR060W
SJAG_02307	YGR083C
SJAG_00268	YNL152W
SJAG_02160	YDR170C
SJAG_02453	YJR005W
SJAG_02453	YKL135C
SJAG_00080	YJL166W
SJAG_00480	YDR487C
SJAG_00752	YHR040W
SJAG_02752	YNL023C
SJAG_00039	YLR345W
SJAG_00124	YBR066C
SJAG_00124	YDR043C
SJAG_00059	YPL149W
SJAG_00806	YCL016C
SJAG_00769	YHR119W
SJAG_00020	YLL063C
SJAG_02523	YJL062W
SJAG_02437	YCL045C
SJAG_02520	YDR002W
SJAG_00419	YER042W
SJAG_00600	YDL134C
SJAG_00600	YDL188C
SJAG_02329	YBR175W
SJAG_00352	YLR316C
SJAG_02473	YKR052C
SJAG_02473	YJL133W
SJAG_00603	YBR106W
SJAG_01085	YJL123C
SJAG_05979	YLR318W
SJAG_02304	YLR275W
SJAG_00642	YER049W
SJAG_00311	YLR002C
SJAG_00970	YFR024C-A
SJAG_00970	YHR016C
SJAG_00231	YHR168W
SJAG_02371	YDR457W
SJAG_00238	YNL229C
SJAG_00269	YOR298C-A
SJAG_02176	YKL029C
SJAG_00078	YPL152W
SJAG_00465	YPR102C
SJAG_00465	YGR085C
SJAG_00455	YKR071C
SJAG_02192	YGR282C
SJAG_00140	YPL174C
SJAG_00986	YGL171W
SJAG_00134	YMR278W
SJAG_00574	YOR057W
SJAG_02794	YMR073C
SJAG_02506	YIL021W
SJAG_00896	YLR015W
SJAG_00812	YJR073C
SJAG_00391	YPR042C
SJAG_00391	YJR091C
SJAG_00564	YLR259C
SJAG_05210	YGL124C
SJAG_00293	YGL058W
SJAG_00808	YGR135W
SJAG_00773	YBL063W
SJAG_00773	YEL061C
SJAG_02878	YHL007C
SJAG_02681	YJR002W
SJAG_01001	YDR414C
SJAG_02734	YLR044C
SJAG_02734	YLR134W
SJAG_02734	YGR087C
SJAG_02734	YDL080C
SJAG_02595	YOR165W
SJAG_00961	YJR093C
SJAG_02323	YKR003W
SJAG_02323	YHR001W
SJAG_00666	YGL116W
SJAG_00313	YIR005W
SJAG_02906	YGR270W
SJAG_00240	YGL256W
SJAG_02689	YJR024C
SJAG_02638	YPR129W
SJAG_00811	YLR126C
SJAG_02394	YPR162C
SJAG_02830	YMR049C
SJAG_00392	YOR303W
SJAG_00312	YKL213C
SJAG_02707	YPL004C
SJAG_02707	YGR086C
SJAG_02374	YGL246C
SJAG_00404	YJL054W
SJAG_02667	YPR175W
SJAG_00830	YER086W
SJAG_00365	YCL033C
SJAG_02492	YPR097W
SJAG_06586	YMR287C
SJAG_00724	YJL083W
SJAG_00724	YKR019C
SJAG_02600	YKL144C
SJAG_00514	YAL041W
SJAG_00624	YHR072W
SJAG_00972	YPR048W
SJAG_00271	YGL111W
SJAG_00948	YDR049W
SJAG_02810	YLR182W
SJAG_02135	YJR009C
SJAG_02135	YGR192C
SJAG_02135	YJL052W
SJAG_02491	YBR256C
SJAG_02848	YLL001W
SJAG_00936	YHR189W
SJAG_00451	YHR132C
SJAG_00294	YER127W
SJAG_02277	YDR524C
SJAG_02256	YNL224C
SJAG_02253	YLR167W
SJAG_00695	YJL071W
SJAG_00508	YBR261C
SJAG_02350	YMR265C
SJAG_00219	YKR018C
SJAG_00219	YJL082W
SJAG_00573	YMR304W
SJAG_00579	YLR384C
SJAG_02147	YBR021W
SJAG_02147	YIR028W
SJAG_02147	YBL042C
SJAG_00170	YNL246W
SJAG_00192	YIL046W
SJAG_02213	YCR077C
SJAG_02493	YAL003W
SJAG_02433	YCR079W
SJAG_00712	YDL007W
SJAG_00730	YMR274C
SJAG_00971	YOR132W
SJAG_00421	YER148W
SJAG_00298	YJR084W
SJAG_00436	YNL064C
SJAG_00526	YGL190C
SJAG_00381	YPL214C
SJAG_02735	YOL158C
SJAG_02164	YMR146C
SJAG_02463	YBR294W
SJAG_02463	YLR092W
SJAG_01000	YFL029C
SJAG_00895	YDR126W
SJAG_00739	YCR052W
SJAG_00739	YNR023W
SJAG_02546	YGL103W
SJAG_02821	YPL266W
SJAG_00027	YJR009C
SJAG_00027	YGR192C
SJAG_00027	YJL052W
SJAG_01071	YPR105C
SJAG_02505	YER090W
SJAG_02384	YKR001C
SJAG_00044	YNL220W
SJAG_00502	YIL094C
SJAG_02891	YKR094C
SJAG_02891	YIL148W
SJAG_00685	YOR283W
SJAG_02603	YMR140W
SJAG_02481	YGL248W
SJAG_00628	YBR251W
SJAG_00504	YOR319W
SJAG_05194	YLR396C
SJAG_00810	YMR065W
SJAG_00491	YBR153W
SJAG_01013	YIL115C
SJAG_02321	YDR017C
SJAG_00601	YEL024W
SJAG_02833	YML097C
SJAG_02282	YGL206C
SJAG_00786	YOR204W
SJAG_00786	YPL119C
SJAG_05208	YNL138W-A
SJAG_02338	YPR149W
SJAG_02338	YGR131W
SJAG_00070	YOR095C
SJAG_00610	YBL105C
SJAG_00073	YDR026C
SJAG_00073	YBR049C
SJAG_02923	YBL016W
SJAG_02747	YMR233W
SJAG_02747	YOR295W
SJAG_00326	YDR142C
SJAG_00644	YBR058C
SJAG_02630	YJR111C
SJAG_00860	YDR041W
SJAG_02169	YHR115C
SJAG_02169	YNL116W
SJAG_00835	YGR096W
SJAG_01041	YLR405W
SJAG_05189	YMR200W
SJAG_02458	YDR145W
SJAG_00370	YGR175C
SJAG_00691	YNL334C
SJAG_00691	YFL060C
SJAG_00691	YMR095C
SJAG_00630	YBR159W
SJAG_00486	YDL017W
SJAG_00188	YMR247C
SJAG_02825	YDR258C
SJAG_02429	YLR260W
SJAG_02429	YOR171C
SJAG_00353	YLR215C
SJAG_02414	YBL078C
SJAG_05372	YMR284W
SJAG_05193	YOL006C
SJAG_00108	YPL195W
SJAG_02461	YGR211W
SJAG_00119	YGL070C
SJAG_02509	YML085C
SJAG_02509	YML124C
SJAG_02920	YDL040C
SJAG_00660	YOR323C
SJAG_02589	YFR037C
SJAG_02589	YJL176C
SJAG_00425	YDR432W
SJAG_00447	YJL008C
SJAG_02800	YBR060C
SJAG_00865	YDL104C
SJAG_00596	YBR133C
SJAG_02198	YML102W
SJAG_00536	YOL146W
SJAG_02704	YPL226W
SJAG_00850	YDR108W
SJAG_00591	YFL007W
SJAG_02400	YCL030C
SJAG_00031	YBR179C
SJAG_02625	YFL007W
SJAG_02773	YGR252W
SJAG_02776	YLR459W
SJAG_02556	YPL022W
SJAG_02873	YJL168C
SJAG_02649	YKR042W
SJAG_02649	YJL116C
SJAG_02649	YIL123W
SJAG_02649	YNL066W
SJAG_00570	YDR452W
SJAG_00696	YJL072C
SJAG_00358	YDL033C
SJAG_02626	YPL004C
SJAG_02626	YGR086C
SJAG_02236	YER087W
SJAG_02723	YJR066W
SJAG_02723	YKL203C
SJAG_00661	YNL161W
SJAG_00086	YNL252C
SJAG_05184	YDL077C
SJAG_02252	YLR131C
SJAG_02252	YDR146C
SJAG_00982	YOR093C
SJAG_05274	YOL013C
SJAG_00427	YDR531W
SJAG_00731	YNL113W
SJAG_00432	YCR053W
SJAG_02590	YPR159W
SJAG_02590	YGR143W
SJAG_02562	YGL011C
SJAG_00185	YDR388W
SJAG_02484	YMR166C
SJAG_00497	YDR115W
SJAG_02875	YKL073W
SJAG_00349	YPR023C
SJAG_02342	YJL128C
SJAG_02828	YML095C
SJAG_02754	YCR072C
SJAG_02303	YEL044W
SJAG_02161	YPL206C
SJAG_00449	YLL009C
SJAG_00071	YGL003C
SJAG_00229	YAL016W
SJAG_01079	YBR271W
SJAG_02358	YLR435W
SJAG_00501	YJL121C
SJAG_02294	YIR002C
SJAG_02720	YKR002W
SJAG_00093	YFR002W
SJAG_00879	YDR324C
SJAG_01083	YPL125W
SJAG_05200	YBR176W
SJAG_02789	YOR322C
SJAG_02578	YKL064W
SJAG_00040	YHR122W
SJAG_02865	YAL043C
SJAG_00199	YOR022C
SJAG_02280	YPR102C
SJAG_02280	YGR085C
SJAG_00544	YPL081W
SJAG_00544	YBR189W
SJAG_00749	YDL191W
SJAG_00749	YDL136W
SJAG_02510	YPR043W
SJAG_02510	YJR094W-A
SJAG_00583	YKR024C
SJAG_00416	YMR077C
SJAG_01030	YNL297C
SJAG_02672	YER007W
SJAG_00295	YBR004C
SJAG_02648	YER003C
SJAG_00993	YDL159W
SJAG_00021	YLL063C
SJAG_00139	YOL145C
SJAG_00782	YNL081C
SJAG_00323	YPL146C
SJAG_00996	YLL019C
SJAG_02360	YOL143C
SJAG_02583	YDL090C
SJAG_00869	YBR115C
SJAG_02755	YLR406C
SJAG_02755	YDL075W
SJAG_02439	YEL056W
SJAG_00475	YOR191W
SJAG_00874	YDR013W
SJAG_00920	YNL094W
SJAG_00944	YDR036C
SJAG_00057	YDR343C
SJAG_00057	YJR158W
SJAG_00057	YDR345C
SJAG_00057	YHR092C
SJAG_00057	YOL156W
SJAG_00057	YEL069C
SJAG_00057	YDR342C
SJAG_00057	YHR094C
SJAG_00057	YJL214W
SJAG_00057	YDL245C
SJAG_00057	YHR096C
SJAG_00057	YJL219W
SJAG_00057	YLR081W
SJAG_00057	YMR011W
SJAG_00057	YFL011W
SJAG_02610	YMR078C
SJAG_01049	YDR314C
SJAG_02369	YHR174W
SJAG_02369	YPL281C
SJAG_02369	YGR254W
SJAG_02369	YOR393W
SJAG_02369	YMR323W
SJAG_00401	YLR059C
SJAG_02208	YBR283C
SJAG_00048	YNL055C
SJAG_00048	YIL114C
SJAG_02640	YFL038C
SJAG_02640	YFL005W
SJAG_02212	YPL128C
SJAG_02808	YKL025C
SJAG_02730	YER040W
SJAG_00067	YPR186C
SJAG_06022	YMR234W
SJAG_00496	YPL109C
SJAG_02811	YDR484W
SJAG_01019	YOL140W
SJAG_02390	YPR041W
SJAG_00129	YML100W
SJAG_00129	YMR261C
SJAG_00962	YGL172W
SJAG_00560	YPR045C
SJAG_00287	YHR009C
SJAG_00686	YLL013C
SJAG_02353	YLR069C
SJAG_02521	YLR032W
SJAG_00032	YJL084C
SJAG_00032	YKR021W
SJAG_02887	YKL067W
SJAG_02609	YNL126W
SJAG_00314	YOR357C
SJAG_02566	YCR088W
SJAG_02158	YNL071W
SJAG_00894	YER048W-A
SJAG_00910	YMR100W
SJAG_00754	YPL083C
SJAG_00592	YOR202W
SJAG_01027	YBL102W
SJAG_00753	YDR361C
SJAG_02879	YDR021W
SJAG_00946	YGR202C
SJAG_00598	YBR199W
SJAG_02643	YGL129C
SJAG_02300	YLR129W
SJAG_00513	YJR113C
SJAG_02693	YLR191W
SJAG_02563	YER173W
SJAG_02468	YDR490C
SJAG_02468	YOL100W
SJAG_02468	YDR466W
SJAG_00801	YGL164C
SJAG_00593	YLR426W
SJAG_00846	YHR188C
SJAG_02695	YCL029C
SJAG_00836	YPL078C
SJAG_02918	YGL087C
SJAG_00687	YBR091C
SJAG_02908	YNL262W
SJAG_00554	YDL193W
SJAG_00909	YPR168W
SJAG_00114	YLR240W
SJAG_00854	YGR158C
SJAG_02770	YPR172W
SJAG_02770	YLR456W
SJAG_00184	YCL010C
SJAG_00827	YGR144W
SJAG_00826	YGR009C
SJAG_00826	YMR017W
SJAG_00783	YDR359C
SJAG_02896	YDL205C
SJAG_00778	YOR362C
SJAG_00270	YKR018C
SJAG_00270	YJL082W
SJAG_02364	YAR015W
SJAG_02564	YBL099W
SJAG_05181	YIR038C
SJAG_00440	YKR008W
SJAG_02452	YPR166C
SJAG_05213	YLL048C
SJAG_01018	YLR306W
SJAG_02890	YKL006W
SJAG_02890	YHL001W
SJAG_00355	YHR073W
SJAG_00857	YGL201C
SJAG_00214	YDL230W
SJAG_00248	YFR025C
SJAG_05278	YDR434W
SJAG_02559	YPL107W
SJAG_02418	YBL040C
SJAG_02515	YIL010W
SJAG_02758	YGR280C
SJAG_00604	YDR390C
SJAG_01007	YOL122C
SJAG_01007	YHR050W
SJAG_01007	YLR034C
SJAG_02570	YIL007C
SJAG_02482	YFR051C
SJAG_00058	YDR235W
SJAG_00058	YML046W
SJAG_00310	YKL046C
SJAG_00310	YMR238W
SJAG_02889	YGR010W
SJAG_02889	YLR328W
SJAG_00103	YPR033C
SJAG_00159	YKR062W
SJAG_02290	YER091C
SJAG_02165	YBL052C
SJAG_00154	YBR192W
SJAG_02156	YMR239C
SJAG_00799	YDR405W
SJAG_00322	YMR240C
SJAG_00339	YER039C
SJAG_00339	YER039C-A
SJAG_00339	YGL225W
SJAG_02292	YAL036C
SJAG_00304	YDL020C
SJAG_02912	YHR108W
SJAG_02912	YDR358W
SJAG_00107	YIL051C
SJAG_00107	YER057C
SJAG_00471	YJR042W
SJAG_02573	YHR086W
SJAG_02573	YBR212W
SJAG_00018	YOR049C
SJAG_02775	YMR269W
SJAG_00557	YLR268W
SJAG_05264	YJR036C
SJAG_02471	YDR211W
SJAG_00212	YOR332W
SJAG_00283	YFL059W
SJAG_00283	YMR096W
SJAG_00283	YNL333W
SJAG_02815	YAL001C
SJAG_02519	YNL029C
SJAG_02519	YIL085C
SJAG_02785	YGL115W
SJAG_01017	YNR067C
SJAG_01017	YLR144C
SJAG_02500	YLR399C
SJAG_02500	YDL070W
SJAG_02759	YOR272W
SJAG_02868	YIL110W
SJAG_00195	YDL051W
SJAG_00150	YDL108W
SJAG_00035	YIR029W
SJAG_00464	YGL062W
SJAG_00464	YBR218C
SJAG_00178	YPL169C
SJAG_02205	YHR112C
SJAG_00737	YNL123W
SJAG_02443	YLR114C
SJAG_00439	YBR135W
SJAG_02266	YDR099W
SJAG_02266	YER177W
SJAG_00631	YOR292C
SJAG_00587	YOR049C
SJAG_00252	YNR027W
SJAG_00252	YEL029C
SJAG_02871	YDR382W
SJAG_02871	YOL039W
SJAG_00459	YOR125C
SJAG_00198	YDL164C
SJAG_02703	YOR223W
SJAG_02244	YFR010W
SJAG_01025	YDR170C
SJAG_00128	YBL041W
SJAG_00876	YBR162C
SJAG_00876	YJL171C
SJAG_02637	YNL062C
SJAG_00898	YGR271W
SJAG_02498	YFL033C
SJAG_00342	YPL042C
SJAG_02876	YER014W
SJAG_00816	YML115C
SJAG_00605	YGR240C
SJAG_00605	YMR205C
SJAG_00118	YJR092W
SJAG_02697	YCR004C
SJAG_02697	YBR052C
SJAG_02697	YDR032C
SJAG_02377	YLR197W
SJAG_02687	YOR043W
SJAG_00336	YBR009C
SJAG_00336	YNL030W
SJAG_00795	YJR099W
SJAG_00527	YPR107C
SJAG_00881	YER052C
SJAG_00204	YAL002W
SJAG_00566	YHR072W-A
SJAG_05276	YNL112W
SJAG_02575	YOR191W
SJAG_02286	YKR054C
SJAG_00823	YDR075W
SJAG_02612	YHL026C
SJAG_00087	YGL066W
SJAG_02263	YGL105W
SJAG_00244	YLR410W
SJAG_02584	YOR275C
SJAG_00677	YLR429W
SJAG_00373	YJL104W
SJAG_01081	YOR128C
SJAG_00412	YJR109C
SJAG_00299	YDR107C
SJAG_00299	YLR083C
SJAG_00553	YDR084C
SJAG_00561	YBL104C
SJAG_00653	YHR091C
SJAG_00653	YDR341C
SJAG_01067	YDL003W
SJAG_02209	YPR133C
SJAG_00375	YML103C
SJAG_00049	YPL260W
SJAG_02705	YGL017W
SJAG_00507	YOL139C
SJAG_02264	YBR210W
SJAG_02264	YGL054C
SJAG_00639	YDR364C
SJAG_02655	YDR472W
SJAG_00155	YBR191W
SJAG_00155	YPL079W
SJAG_00659	YMR097C
SJAG_01039	YJL154C
SJAG_00327	YLR103C
SJAG_02228	YDL146W
SJAG_02502	YML092C
SJAG_02279	YER029C
SJAG_02446	YPR159W
SJAG_02446	YGR143W
SJAG_02126	YLL063C
SJAG_02267	YER179W
SJAG_00512	YDR311W
SJAG_02902	YGR170W
SJAG_00859	YDR416W
SJAG_05277	YGR277C
SJAG_00541	YFR009W
SJAG_00493	YNL168C
SJAG_00222	YIL023C
SJAG_05212	YGR093W
SJAG_00768	YBL097W
SJAG_00290	YCR084C
SJAG_02349	YHR098C
SJAG_00420	YNL247W
SJAG_00933	YGL119W
SJAG_01095	YOR049C
SJAG_00296	YDR373W
SJAG_00414	YKL173W
SJAG_02700	YIL034C
SJAG_02416	YGL207W
SJAG_00337	YDR127W
SJAG_00964	YJL130C
SJAG_00302	YNL031C
SJAG_00302	YBR010W
SJAG_02356	YDR284C
SJAG_02525	YOR115C
SJAG_02271	YDR465C
SJAG_00064	YER019C-A
SJAG_00064	YER087C-B
SJAG_02805	YJR058C
SJAG_02628	YBR079C
SJAG_00721	YDR204W
SJAG_00094	YGL174W
SJAG_02576	YDR099W
SJAG_02576	YER177W
SJAG_02629	YPR031W
SJAG_02486	YCL068C
SJAG_02486	YCR038C
SJAG_02127	YLL063C
SJAG_00824	YJR138W
SJAG_02445	YDL183C
SJAG_00921	YGR034W
SJAG_00921	YLR344W
SJAG_00245	YLR409C
SJAG_02354	YBR171W
SJAG_02196	YIR033W
SJAG_02196	YKL020C
SJAG_02843	YPR182W
SJAG_00476	YJR062C
SJAG_01045	YLR439W
SJAG_02809	YMR035W
SJAG_00912	YER007C-A
SJAG_02200	YDR291W
SJAG_01063	YDR376W
SJAG_00725	YCL012C
SJAG_00947	YBR222C
SJAG_01006	YJL002C
SJAG_05203	YDR308C
SJAG_00483	YGR063C
SJAG_02719	YHR190W
SJAG_02381	YDL167C
SJAG_02427	YHR066W
SJAG_02427	YDR312W
SJAG_00999	YPR113W
SJAG_00208	YDR092W
SJAG_02856	YOL023W
SJAG_00636	YER069W
SJAG_02593	YER037W
SJAG_02593	YGL224C
SJAG_01078	YOR316C
SJAG_01078	YMR243C
SJAG_00938	YAL029C
SJAG_02853	YDR481C
SJAG_00871	YLR086W
SJAG_00218	YOL030W
SJAG_01077	YIL111W
SJAG_01077	YNL052W
SJAG_00095	YGR186W
SJAG_00705	YCR026C
SJAG_00705	YEL016C
SJAG_00957	YDR400W
SJAG_00984	YBL022C
SJAG_00914	YJR140C
SJAG_00334	YNL219C
SJAG_00066	YGL018C
SJAG_02132	YOR049C
SJAG_02352	YPL183C
SJAG_02235	YHR037W
SJAG_02368	YNL272C
SJAG_00437	YNR030W
SJAG_00667	YNR067C
SJAG_00667	YLR144C
SJAG_00619	YPR190C
SJAG_00945	YIL091C
SJAG_00805	YOL087C
SJAG_02319	YDL074C
SJAG_02456	YML105C
SJAG_00033	YLR128W
SJAG_00923	YNR029C
SJAG_02910	YKR030W
SJAG_00794	YOL069W
SJAG_02276	YLR351C
SJAG_00538	YJL069C
SJAG_00330	YBR080C
SJAG_02901	YDR019C
SJAG_00253	YOR004W
SJAG_02497	YNL240C
SJAG_00880	YKL212W
SJAG_00341	YOL133W
SJAG_00820	YDR108W
SJAG_02911	YOL022C
SJAG_00838	YPR144C
SJAG_00855	YEL012W
SJAG_01047	YBR028C
SJAG_02733	YDL203C
SJAG_00800	YOL062C
SJAG_00065	YOR262W
SJAG_02178	YHL012W
SJAG_05216	YER056C-A
SJAG_05216	YIL052C
SJAG_00036	YIR030C
SJAG_02254	YPL016W
SJAG_00443	YGR094W
SJAG_00668	YJR104C
SJAG_00378	YGR262C
SJAG_00671	YKL120W
SJAG_00161	YOR387C
SJAG_00161	YGL258W
SJAG_00519	YGL010W
SJAG_00394	YPL227C
SJAG_00840	YNL189W
SJAG_00670	YNL085W
SJAG_05190	YOL041C
SJAG_02834	YOL158C
SJAG_02690	YIR002C
SJAG_02380	YBR214W
SJAG_02380	YGL056C
SJAG_01664	YMR186W
SJAG_01664	YPL240C
SJAG_01843	YNL197C
SJAG_01843	YDL224C
SJAG_04534	YLR325C
SJAG_01415	YKR068C
SJAG_01153	YLR196W
SJAG_01694	YGL166W
SJAG_01694	YPR008W
SJAG_01625	YLR270W
SJAG_01625	YOR173W
SJAG_01280	YLR074C
SJAG_01128	YDR382W
SJAG_01128	YOL039W
SJAG_01808	YMR227C
SJAG_01279	YBR172C
SJAG_01279	YPL105C
SJAG_01214	YJR050W
SJAG_04592	YAL042W
SJAG_01201	YDL213C
SJAG_04455	YDR200C
SJAG_04455	YLR238W
SJAG_01698	YNL312W
SJAG_02071	YMR193W
SJAG_01951	YNL026W
SJAG_01577	YBL080C
SJAG_01160	YMR161W
SJAG_02104	YPL204W
SJAG_01438	YOR133W
SJAG_01438	YDR385W
SJAG_02033	YLR244C
SJAG_04672	YLR333C
SJAG_04672	YGR027C
SJAG_01126	YKR080W
SJAG_01894	YKL007W
SJAG_01949	YGR181W
SJAG_04513	YLR078C
SJAG_01551	YGL076C
SJAG_01551	YPL198W
SJAG_01895	YOL071W
SJAG_01358	YGR218W
SJAG_01759	YPL243W
SJAG_01261	YOL141W
SJAG_04460	YER093C
SJAG_04460	YER093C-A
SJAG_05218	YGL068W
SJAG_04731	YPR138C
SJAG_04731	YGR121C
SJAG_01503	YJL180C
SJAG_01182	YHR169W
SJAG_04704	YGR200C
SJAG_01989	YOR126C
SJAG_04511	YPL106C
SJAG_04511	YBR169C
SJAG_01324	YGL212W
SJAG_01803	YOR316C
SJAG_01803	YMR243C
SJAG_01789	YGL241W
SJAG_01795	YNL115C
SJAG_05736	YNL024C-A
SJAG_04609	YPL259C
SJAG_01541	YLR138W
SJAG_01906	YHR004C
SJAG_04501	YMR130W
SJAG_01580	YBL092W
SJAG_01734	YJR101W
SJAG_01508	YNL287W
SJAG_01925	YIL068C
SJAG_04566	YER047C
SJAG_04566	YPL074W
SJAG_01181	YPL140C
SJAG_01181	YOR231W
SJAG_02038	YDR226W
SJAG_04588	YOR271C
SJAG_04696	YDR254W
SJAG_01165	YDR265W
SJAG_04624	YLR319C
SJAG_01956	YBL084C
SJAG_04674	YOR391C
SJAG_04674	YMR322C
SJAG_04674	YPL280W
SJAG_04674	YDR533C
SJAG_01620	YMR167W
SJAG_04544	YLR143W
SJAG_04533	YDR430C
SJAG_02025	YKL099C
SJAG_04598	YGL002W
SJAG_04598	YAR002C-A
SJAG_04598	YHR110W
SJAG_01275	YDR060W
SJAG_01427	YML100W
SJAG_01427	YMR261C
SJAG_04693	YNL129W
SJAG_01363	YLL063C
SJAG_01219	YER019W
SJAG_01436	YDR404C
SJAG_01790	YNR032W
SJAG_01207	YDR079C-A
SJAG_01825	YPL031C
SJAG_05228	YMR283C
SJAG_01492	YMR226C
SJAG_05693	YDR316W
SJAG_01481	YGL082W
SJAG_01481	YPL191C
SJAG_04479	YHR114W
SJAG_01475	YMR236W
SJAG_01425	YLR285W
SJAG_01351	YOL049W
SJAG_04821	YBR070C
SJAG_01834	YMR129W
SJAG_04591	YDR251W
SJAG_04591	YPL032C
SJAG_04781	YBR109C
SJAG_06635	YCL009C
SJAG_01545	YLR200W
SJAG_04788	YJR101W
SJAG_01301	YLR147C
SJAG_04665	YIL066C
SJAG_04665	YER070W
SJAG_01235	YIL078W
SJAG_01590	YKR003W
SJAG_01590	YHR001W
SJAG_04652	YBR166C
SJAG_02066	YLR055C
SJAG_01748	YGR241C
SJAG_01748	YHR161C
SJAG_01466	YPL023C
SJAG_01679	YOR339C
SJAG_04465	YNL020C
SJAG_04465	YIL095W
SJAG_04465	YBR059C
SJAG_01574	YDR234W
SJAG_04616	YDR456W
SJAG_01442	YGR033C
SJAG_01272	YMR014W
SJAG_01826	YPR131C
SJAG_01225	YLR380W
SJAG_01456	YDL137W
SJAG_01456	YDL192W
SJAG_01581	YKR063C
SJAG_01621	YDL063C
SJAG_01530	YER047C
SJAG_01530	YPL074W
SJAG_01313	YHR143W-A
SJAG_01562	YOR340C
SJAG_01139	YIL083C
SJAG_01634	YDR473C
SJAG_01283	YNL223W
SJAG_01983	YKR093W
SJAG_04818	YDL111C
SJAG_04631	YHR013C
SJAG_01203	YFR052W
SJAG_01527	YBR290W
SJAG_01850	YMR226C
SJAG_02074	YJL194W
SJAG_01202	YBR191W
SJAG_01202	YPL079W
SJAG_02061	YLR419W
SJAG_01226	YLR167W
SJAG_04470	YJR076C
SJAG_01979	YPL199C
SJAG_04619	YGR184C
SJAG_04619	YLR024C
SJAG_01782	YBR106W
SJAG_01769	YDR218C
SJAG_01769	YDL225W
SJAG_01297	YPL155C
SJAG_01122	YBR195C
SJAG_01354	YLR274W
SJAG_04819	YGL203C
SJAG_04608	YHR176W
SJAG_04698	YDL128W
SJAG_01929	YAL048C
SJAG_02070	YOR224C
SJAG_01647	YGR029W
SJAG_04529	YGR091W
SJAG_01534	YDR335W
SJAG_01874	YNL209W
SJAG_04668	YGL139W
SJAG_04668	YPL221W
SJAG_02059	YLL028W
SJAG_04656	YDR159W
SJAG_01473	YCR046C
SJAG_02060	YLL028W
SJAG_01345	YKL178C
SJAG_01797	YOR335C
SJAG_01950	YOR067C
SJAG_01637	YDR255C
SJAG_04791	YDR419W
SJAG_04538	YFR005C
SJAG_04473	YPL097W
SJAG_01653	YER164W
SJAG_01444	YPR110C
SJAG_01327	YER146W
SJAG_01901	YMR273C
SJAG_01901	YML109W
SJAG_01646	YDR074W
SJAG_04530	YML032C
SJAG_04506	YDR497C
SJAG_04506	YOL103W
SJAG_04461	YHR102W
SJAG_01690	YMR226C
SJAG_02028	YKR016W
SJAG_04634	YMR217W
SJAG_02037	YDR228C
SJAG_01518	YGL143C
SJAG_02015	YPL160W
SJAG_04753	YBR146W
SJAG_01818	YNL232W
SJAG_01292	YDR513W
SJAG_01292	YCL035C
SJAG_01285	YPL246C
SJAG_02076	YIL099W
SJAG_04678	YER152C
SJAG_01812	YCR051W
SJAG_04597	YGR092W
SJAG_04597	YPR111W
SJAG_04686	YDR505C
SJAG_04686	YLR177W
SJAG_01592	YMR062C
SJAG_01822	YDR293C
SJAG_04552	YBR097W
SJAG_01745	YML034W
SJAG_01745	YDR458C
SJAG_01715	YOR091W
SJAG_01876	YPL120W
SJAG_01881	YBR035C
SJAG_04612	YMR022W
SJAG_05334	YGL050W
SJAG_04650	YLR276C
SJAG_01390	YMR132C
SJAG_01536	YJR129C
SJAG_04499	YML126C
SJAG_01359	YLR209C
SJAG_02017	YGR201C
SJAG_04509	YLR229C
SJAG_02103	YIL004C
SJAG_01510	YHR064C
SJAG_01514	YBR287W
SJAG_01416	YMR281W
SJAG_01838	YNR020C
SJAG_01964	YHR129C
SJAG_01461	YHR018C
SJAG_01585	YDL091C
SJAG_01585	YML013W
SJAG_04553	YBR024W
SJAG_04553	YBR037C
SJAG_04736	YKR056W
SJAG_04519	YMR285C
SJAG_04519	YML118W
SJAG_01744	YKL125W
SJAG_04512	YLR183C
SJAG_04512	YDR501W
SJAG_01628	YHR075C
SJAG_04491	YLR022C
SJAG_05252	YFL007W
SJAG_01727	YDR322W
SJAG_04732	YKR036C
SJAG_04732	YJL112W
SJAG_01302	YNL119W
SJAG_01522	YOL097C
SJAG_01722	YAR042W
SJAG_01722	YDL019C
SJAG_02075	YBR234C
SJAG_01192	YKR069W
SJAG_01768	YFL044C
SJAG_01118	YBR007C
SJAG_01733	YPL037C
SJAG_01733	YDR252W
SJAG_04745	YBL063W
SJAG_04745	YEL061C
SJAG_01491	YDR307W
SJAG_04593	YGR243W
SJAG_04593	YHR162W
SJAG_01862	YDR074W
SJAG_02084	YHR003C
SJAG_02084	YKL027W
SJAG_01914	YBR155W
SJAG_04661	YOR249C
SJAG_01259	YHR020W
SJAG_01995	YKL215C
SJAG_16459	YLL040C
SJAG_01382	YOR069W
SJAG_01564	YPR117W
SJAG_01564	YLR454W
SJAG_01309	YML002W
SJAG_01309	YML003W
SJAG_04505	YMR032W
SJAG_01731	YER166W
SJAG_01731	YDR093W
SJAG_01147	YAL046C
SJAG_01238	YKL192C
SJAG_01476	YOL010W
SJAG_01824	YHR163W
SJAG_01824	YGR248W
SJAG_04827	YGL196W
SJAG_01749	YGL085W
SJAG_02030	YPL225W
SJAG_01286	YMR277W
SJAG_02003	YBL049W
SJAG_01709	YLR207W
SJAG_01197	YLL018C
SJAG_01184	YHL023C
SJAG_01926	YBR103W
SJAG_01754	YNL138W
SJAG_01152	YKR086W
SJAG_04747	YER055C
SJAG_04777	YCR073C
SJAG_04777	YNR031C
SJAG_02006	YER178W
SJAG_01809	YPR029C
SJAG_01135	YJL036W
SJAG_02002	YCL057C-A
SJAG_04471	YNL305C
SJAG_01193	YDR198C
SJAG_01840	YPL210C
SJAG_01996	YLL018C-A
SJAG_01430	YLR389C
SJAG_01430	YPR122W
SJAG_06440	YKL053C-A
SJAG_05236	YDL008W
SJAG_01161	YIR026C
SJAG_04762	YDR023W
SJAG_05335	YOR042W
SJAG_01185	YFR002W
SJAG_04599	YLL034C
SJAG_01697	YDR164C
SJAG_01937	YDL045C
SJAG_01422	YGL247W
SJAG_01422	YHR036W
SJAG_02009	YKL152C
SJAG_02009	YDL021W
SJAG_02009	YOL056W
SJAG_04489	YKL002W
SJAG_01623	YBR257W
SJAG_01520	YDR175C
SJAG_01474	YMR220W
SJAG_01440	YNL016W
SJAG_01622	YML127W
SJAG_01291	YNL313C
SJAG_01868	YMR297W
SJAG_01868	YBR139W
SJAG_01269	YBR061C
SJAG_01752	YKR060W
SJAG_01674	YGL029W
SJAG_01616	YER183C
SJAG_04589	YDL084W
SJAG_01716	YGL215W
SJAG_04464	YGL097W
SJAG_01586	YKL124W
SJAG_01586	YMR171C
SJAG_04514	YKR087C
SJAG_01330	YJL030W
SJAG_04496	YOL138C
SJAG_01667	YPR073C
SJAG_01945	YAL026C
SJAG_01376	YOL045W
SJAG_01376	YAL017W
SJAG_02064	YLR253W
SJAG_04824	YDR280W
SJAG_04785	YEL060C
SJAG_04785	YOR003W
SJAG_01119	YML060W
SJAG_01565	YBL092W
SJAG_01930	YBR033W
SJAG_01930	YKL038W
SJAG_04810	YNL280C
SJAG_01134	YBR170C
SJAG_01873	YDR225W
SJAG_01873	YBL003C
SJAG_05221	YOL114C
SJAG_01246	YML078W
SJAG_01246	YDR155C
SJAG_01236	YLR386W
SJAG_01642	YNL263C
SJAG_01820	YLR290C
SJAG_01939	YGR105W
SJAG_01317	YGR178C
SJAG_01386	YMR055C
SJAG_04755	YIL126W
SJAG_04755	YOR290C
SJAG_01630	YJL200C
SJAG_01487	YJR014W
SJAG_01897	YBR094W
SJAG_01319	YER072W
SJAG_01993	YGR080W
SJAG_04492	YHR088W
SJAG_04688	YDL131W
SJAG_04688	YDL182W
SJAG_01970	YHR215W
SJAG_01970	YBR092C
SJAG_01970	YDL024C
SJAG_01970	YBR093C
SJAG_01970	YAR071W
SJAG_01591	YJL063C
SJAG_01806	YOL027C
SJAG_02040	YNL148C
SJAG_04645	YKR095W
SJAG_04645	YIL149C
SJAG_01264	YBR205W
SJAG_01264	YDR483W
SJAG_01264	YOR099W
SJAG_01872	YBR291C
SJAG_01858	YHR204W
SJAG_01783	YPL100W
SJAG_04540	YDR030C
SJAG_02077	YIL022W
SJAG_01561	YNR007C
SJAG_01813	YDR496C
SJAG_04670	YGR116W
SJAG_04481	YLR146C
SJAG_04481	YPR069C
SJAG_01454	YER002W
SJAG_01404	YEL038W
SJAG_01821	YKL021C
SJAG_02096	YKR023W
SJAG_01129	YGL008C
SJAG_01129	YPL036W
SJAG_04562	YKL082C
SJAG_01500	YCL047C
SJAG_02032	YOR154W
SJAG_01290	YMR307W
SJAG_01943	YIL159W
SJAG_04451	YLR246W
SJAG_01835	YOL132W
SJAG_01835	YMR215W
SJAG_01501	YER156C
SJAG_01206	YMR071C
SJAG_02089	YOR081C
SJAG_02089	YKR089C
SJAG_01978	YFL026W
SJAG_01268	YJR065C
SJAG_01220	YJR008W
SJAG_01529	YCL011C
SJAG_01529	YNL004W
SJAG_01364	YKL006W
SJAG_01364	YHL001W
SJAG_05230	YBL036C
SJAG_05229	YGR217W
SJAG_01375	YOL125W
SJAG_01243	YPR104C
SJAG_01372	YGL040C
SJAG_01990	YKL175W
SJAG_01229	YLL040C
SJAG_01142	YPR040W
SJAG_01167	YBL037W
SJAG_01612	YLR299W
SJAG_05253	YEL055C
SJAG_04744	YOR361C
SJAG_04694	YPL151C
SJAG_02081	YLR325C
SJAG_01672	YHR076W
SJAG_02094	YPR169W
SJAG_01239	YOR286W
SJAG_01239	YOR285W
SJAG_01900	YKL010C
SJAG_01407	YDL046W
SJAG_01866	YLR201C
SJAG_01179	YMR089C
SJAG_01179	YER017C
SJAG_01879	YJL143W
SJAG_04559	YDR527W
SJAG_01274	YPR185W
SJAG_01575	YOR274W
SJAG_01200	YDR088C
SJAG_04614	YPR025C
SJAG_01948	YJL208C
SJAG_01171	YLR300W
SJAG_01171	YOR190W
SJAG_01171	YDR261C
SJAG_01227	YCR017C
SJAG_01528	YOR124C
SJAG_01719	YDR237W
SJAG_02020	YER102W
SJAG_02020	YBL072C
SJAG_01472	YCL039W
SJAG_01604	YDR299W
SJAG_01240	YDL100C
SJAG_01397	YKL080W
SJAG_04508	YMR076C
SJAG_01641	YHR193C
SJAG_02065	YJR088C
SJAG_01624	YDR489W
SJAG_04603	YIL157C
SJAG_04700	YGL169W
SJAG_02039	YNL072W
SJAG_01946	YER061C
SJAG_01357	YDR470C
SJAG_01384	YNR035C
SJAG_01478	YHR147C
SJAG_04816	YLR234W
SJAG_01649	YOR292C
SJAG_04449	YGR208W
SJAG_04703	YIL159W
SJAG_01599	YKL018W
SJAG_02099	YBL024W
SJAG_04632	YDR513W
SJAG_04632	YCL035C
SJAG_01880	YGR012W
SJAG_04595	YDL203C
SJAG_01718	YLR362W
SJAG_04528	YOR216C
SJAG_01799	YIL035C
SJAG_01799	YOR061W
SJAG_01640	YDL217C
SJAG_01629	YOR043W
SJAG_01116	YPR091C
SJAG_01174	YFR048W
SJAG_05231	YMR216C
SJAG_01878	YAL019W
SJAG_04537	YLR305C
SJAG_01190	YGL191W
SJAG_01597	YNL328C
SJAG_01669	YGL008C
SJAG_01669	YPL036W
SJAG_01869	YDL124W
SJAG_01837	YPL209C
SJAG_01711	YDR176W
SJAG_01355	YHR051W
SJAG_01696	YDR172W
SJAG_04706	YGR260W
SJAG_01903	YLR142W
SJAG_04494	YNR036C
SJAG_01392	YDR306C
SJAG_04649	YMR259C
SJAG_02102	YBR110W
SJAG_01595	YEL042W
SJAG_01770	YJL108C
SJAG_01381	YFL034W
SJAG_04571	YOR336W
SJAG_01831	YFL008W
SJAG_01676	YLR406C
SJAG_01676	YDL075W
SJAG_06621	YJR009C
SJAG_06621	YGR192C
SJAG_06621	YJL052W
SJAG_01432	YNL274C
SJAG_02098	YJL090C
SJAG_04699	YGR188C
SJAG_04699	YJL013C
SJAG_05240	YNL147W
SJAG_01887	YER162C
SJAG_01611	YOR141C
SJAG_01496	YOR007C
SJAG_01338	YKL143W
SJAG_01374	YKR082W
SJAG_01131	YGL048C
SJAG_01120	YPL098C
SJAG_01713	YDL140C
SJAG_01760	YOR257W
SJAG_01632	YGR118W
SJAG_01632	YPR132W
SJAG_01413	YGR220C
SJAG_04601	YIR001C
SJAG_01944	YFL028C
SJAG_01618	YNL207W
SJAG_02050	YBL030C
SJAG_02050	YBR085W
SJAG_02050	YMR056C
SJAG_05222	YOR289W
SJAG_01465	YMR176W
SJAG_02057	YJL006C
SJAG_04638	YGL229C
SJAG_04638	YFR040W
SJAG_04638	YKR028W
SJAG_04638	YJL098W
SJAG_04482	YOR168W
SJAG_01693	YFR030W
SJAG_01680	YBR274W
SJAG_01787	YBL105C
SJAG_01365	YKR094C
SJAG_01365	YIL148W
SJAG_01860	YIL039W
SJAG_01388	YLR084C
SJAG_01509	YHR186C
SJAG_01420	YKR060W
SJAG_01938	YAL019W
SJAG_01827	YGR047C
SJAG_01907	YDL153C
SJAG_01702	YOL064C
SJAG_06622	YJR009C
SJAG_06622	YGR192C
SJAG_06622	YJL052W
SJAG_04563	YGL221C
SJAG_01673	YLR245C
SJAG_04641	YHR024C
SJAG_04651	YJL197W
SJAG_01325	YPL138C
SJAG_01448	YER114C
SJAG_01448	YBL085W
SJAG_01695	YGL164C
SJAG_01488	YBL017C
SJAG_01488	YIL173W
SJAG_01488	YNR065C
SJAG_01488	YJL222W
SJAG_04488	YPL228W
SJAG_04783	YLL036C
SJAG_01189	YOL019W
SJAG_01204	YLL002W
SJAG_01494	YOR206W
SJAG_01918	YDR147W
SJAG_01918	YLR133W
SJAG_01402	YIL042C
SJAG_01805	YMR001C
SJAG_01765	YOR210W
SJAG_04527	YMR239C
SJAG_04502	YPR049C
SJAG_01660	YJL212C
SJAG_04467	YGL037C
SJAG_01254	YJL005W
SJAG_01497	YDR333C
SJAG_01447	YHR039C-A
SJAG_04569	YDL145C
SJAG_04587	YLR277C
SJAG_01287	YLR287C-A
SJAG_01287	YOR182C
SJAG_01344	YDR135C
SJAG_01176	YOL115W
SJAG_01176	YNL299W
SJAG_01717	YDR381W
SJAG_01175	YNL317W
SJAG_01543	YPR127W
SJAG_01571	YJL100W
SJAG_01216	YKL026C
SJAG_01216	YIR037W
SJAG_01216	YBR244W
SJAG_04472	YDR159W
SJAG_02014	YGR187C
SJAG_01570	YFL025C
SJAG_01633	YDL058W
SJAG_01164	YJL046W
SJAG_04714	YBR021W
SJAG_04714	YIR028W
SJAG_04714	YBL042C
SJAG_01458	YGR037C
SJAG_04647	YGL127C
SJAG_02107	YHR174W
SJAG_02107	YPL281C
SJAG_02107	YGR254W
SJAG_02107	YOR393W
SJAG_02107	YMR323W
SJAG_04682	YDR151C
SJAG_04682	YLR136C
SJAG_01490	YFR033C
SJAG_01332	YDL105W
SJAG_01405	YDR375C
SJAG_01467	YBL058W
SJAG_01650	YNL175C
SJAG_01356	YCR034W
SJAG_01356	YJL196C
SJAG_01807	YHR120W
SJAG_02079	YML032C
SJAG_05245	YCR032W
SJAG_01389	YOR103C
SJAG_04583	YKL100C
SJAG_02011	YGL140C
SJAG_02101	YBR154C
SJAG_01412	YGL044C
SJAG_04517	YGR167W
SJAG_01654	YKL012W
SJAG_02041	YIL001W
SJAG_01661	YMR300C
SJAG_01875	YMR267W
SJAG_01433	YKL149C
SJAG_02004	YPR095C
SJAG_01764	YPL126W
SJAG_01794	YBR200W
SJAG_01271	YLR239C
SJAG_04770	YGL038C
SJAG_04770	YJR075W
SJAG_02012	YMR192W
SJAG_01519	YKR031C
SJAG_02034	YIR004W
SJAG_02034	YER048C
SJAG_01114	YBR260C
SJAG_01248	YDL219W
SJAG_01452	YNL286W
SJAG_04474	YPL010W
SJAG_01162	YPL091W
SJAG_01253	YGR184C
SJAG_01253	YLR024C
SJAG_01710	YOR194C
SJAG_01523	YPR086W
SJAG_01853	YER056C-A
SJAG_01853	YIL052C
SJAG_01919	YHL024W
SJAG_04813	YNL068C
SJAG_04813	YIL131C
SJAG_01544	YOR117W
SJAG_01346	YIL020C
SJAG_01678	YGL227W
SJAG_01848	YDR233C
SJAG_01848	YDL204W
SJAG_04483	YOL030W
SJAG_01199	YDR453C
SJAG_01199	YML028W
SJAG_04577	YOL058W
SJAG_01655	YLR243W
SJAG_01266	YCR090C
SJAG_04561	YBR215W
SJAG_04738	YLR382C
SJAG_01234	YHR089C
SJAG_01816	YPR024W
SJAG_04518	YDR168W
SJAG_01408	YMR213W
SJAG_01762	YEL032W
SJAG_02049	YPR079W
SJAG_01610	YBR279W
SJAG_01556	YBR101C
SJAG_01870	YFL017W-A
SJAG_04640	YEL015W
SJAG_01242	YLR025W
SJAG_01303	YPR100W
SJAG_01659	YOR260W
SJAG_01772	YMR231W
SJAG_01470	YJR100C
SJAG_04740	YBR210W
SJAG_04740	YGL054C
SJAG_01814	YDR408C
SJAG_01218	YGL213C
SJAG_04792	YOR175C
SJAG_06634	YDR399W
SJAG_04735	YML005W
SJAG_01598	YPL045W
SJAG_01151	YLR418C
SJAG_01973	YPL279C
SJAG_01973	YOR390W
SJAG_01299	YNL326C
SJAG_01322	YOR063W
SJAG_04554	YGR136W
SJAG_04554	YPR154W
SJAG_01260	YAR008W
SJAG_01971	YER142C
SJAG_01910	YKL025C
SJAG_04741	YKR074W
SJAG_01117	YNL244C
SJAG_01832	YOR033C
SJAG_01832	YDR263C
SJAG_01343	YJR060W
SJAG_02021	YDR330W
SJAG_04629	YHR012W
SJAG_01741	YMR012W
SJAG_01521	YHR069C
SJAG_01699	YDL035C
SJAG_01662	YDR424C
SJAG_01924	YGL080W
SJAG_01168	YBR086C
SJAG_01419	YCR092C
SJAG_04522	YDR379W
SJAG_04522	YOR127W
SJAG_01368	YBL013W
SJAG_01912	YJR116W
SJAG_01912	YPR114W
SJAG_02063	YOR370C
SJAG_05237	YBR228W
SJAG_01493	YLR411W
SJAG_01531	YBR126C
SJAG_04628	YGR007W
SJAG_04644	YLR206W
SJAG_04644	YDL161W
SJAG_01373	YHR135C
SJAG_01373	YNL154C
SJAG_04654	YML098W
SJAG_01400	YGL006W
SJAG_01127	YKL207W
SJAG_01245	YIL033C
SJAG_01391	YNR053C
SJAG_01270	YIL153W
SJAG_02045	YER016W
SJAG_04705	YHR058C
SJAG_01437	YML072C
SJAG_01437	YOR086C
SJAG_01437	YNL087W
SJAG_04669	YMR290C
SJAG_01763	YGR183C
SJAG_04671	YCL061C
SJAG_04724	YIL044C
SJAG_06636	YBL091C
SJAG_04726	YML004C
SJAG_01686	YGR068C
SJAG_01276	YPL050C
SJAG_05239	YNL102W
SJAG_01471	YDL185W
SJAG_01791	YOR250C
SJAG_01890	YNL003C
SJAG_04582	YNL221C
SJAG_04495	YCL040W
SJAG_04495	YDR516C
SJAG_04622	YOR112W
SJAG_01704	YER168C
