SJAG_02479	B6K2L2
SJAG_02975	B6K2Z6
SJAG_03620	B6K4Q8
SJAG_00733	B6JWF7
SJAG_02250	B6K1Y8
SJAG_02497	B6K2N0
SJAG_04370	B6K6N3
SJAG_02803	B6K180
SJAG_01895	B6JZ70
SJAG_00945	B6JX19
SJAG_02595	B6K0N7
SJAG_03614	B6K4Q2
SJAG_04819	B6K7U7
SJAG_03009	B6K327
SJAG_00695	B6JWC1
SJAG_03553	B6K4J2
SJAG_05237	B6JY16
SJAG_04979	B6K8A0
SJAG_00044	B6JUV1
SJAG_02184	B6K1S2
SJAG_01488	B6JY29
SJAG_04784	B6K7R8
SJAG_01577	B6JYB6
SJAG_01592	B6JYD2
SJAG_00721	B6JWE5
SJAG_00337	B6JVD0
SJAG_02895	B6K1G6
SJAG_01648	B6JYI7
SJAG_01404	B6JXU1
SJAG_04351	B6K6L6
SJAG_05271	B6K2P1
SJAG_02353	B6K286
SJAG_02217	B6K1V7
SJAG_00455	B6JVP0
SJAG_00825	B6JWP7
SJAG_00659	B6JW87
SJAG_03416	B6K463
SJAG_01240	B6K052
SJAG_03710	B6K4Z5
SJAG_01178	B6JZY9
SJAG_02689	B6K0X1
SJAG_01749	B6JYT1
SJAG_01330	B6K0D7
SJAG_00042	B6JUU9
SJAG_00980	B6JX52
SJAG_04771	B6K7Q5
SJAG_04089	B6K5W3
SJAG_03941	B6K5G6
SJAG_04366	B6K6M9
SJAG_00247	B6JV45
SJAG_04551	B6K747
SJAG_01809	B6JYY6
SJAG_01328	B6K0D5
SJAG_00458	B6JVP3
SJAG_04831	B6K7V8
SJAG_03403	B6K450
SJAG_02333	B6K267
SJAG_02801	B6K178
SJAG_04512	B6K709
SJAG_00922	B6JWZ7
SJAG_06592	T0TB60
SJAG_00160	B6JXM0
SJAG_05311	B6K512
SJAG_03905	B6K5D3
SJAG_03804	B6K538
SJAG_01350	B6K0F7
SJAG_01813	B6JYZ0
SJAG_03537	B6K4H6
SJAG_00859	B6JWT4
SJAG_04463	B6K6W3
SJAG_02688	B6K0X0
SJAG_00107	B6JXG8
SJAG_03948	B6K5H4
SJAG_02741	B6K121
SJAG_03608	B6K4P6
SJAG_05334	B6K776
SJAG_03632	B6K4S0
SJAG_03618	B6K4Q6
SJAG_03519	B6K4G0
SJAG_01646	B6JYI5
SJAG_04377	B6K6P0
SJAG_02023	B6JZI3
SJAG_06636	T0TB01
SJAG_04518	B6K715
SJAG_05283	B6K1J4
SJAG_01936	B6JZA7
SJAG_04281	B6K6E9
SJAG_04758	B6K7P1
SJAG_01647	B6JYI6
SJAG_00909	B6JWY4
SJAG_01790	B6JYW9
SJAG_00876	B6JWV1
SJAG_01630	B6JYG8
SJAG_02197	B6K1T5
SJAG_04199	B6K671
SJAG_02516	B6K2Q0
SJAG_03119	B6K3D5
SJAG_01297	B6K0A4
SJAG_03992	B6K5L6
SJAG_01229	B6K041
SJAG_02603	B6K0P5
SJAG_03437	B6K484
SJAG_03698	B6K4Y3
SJAG_02296	B6K232
SJAG_04880	B6K804
SJAG_05330	B6K6Q4
SJAG_01225	B6K036
SJAG_03393	B6K441
SJAG_02481	B6K2L4
SJAG_01663	B6JYK2
SJAG_03936	B6K5G1
SJAG_03657	B6K4U4
SJAG_01172	B6JZY3
SJAG_03124	B6K3E0
SJAG_01872	B6JZ48
SJAG_05740	T0S0Z5
SJAG_04259	B6K6D0
SJAG_02687	B6K0W9
SJAG_00007	B6JUR8
SJAG_04043	B6K5R7
SJAG_04476	B6K6X6
SJAG_00019	B6JUV9
SJAG_00081	B6JUY2
SJAG_00666	B6JW93
SJAG_02984	B6K305
SJAG_04173	B6K645
SJAG_02074	B6JZN2
SJAG_05019	B6K8E1
SJAG_03954	B6K5I0
SJAG_05010	B6K8D2
SJAG_00318	B6JVB1
SJAG_01587	B6JYC7
SJAG_01269	B6K077
SJAG_01599	B6JYD9
SJAG_05313	B6K540
SJAG_03671	B6K4V7
SJAG_01571	B6JYB0
SJAG_01465	B6JY05
SJAG_04452	B6K6V2
SJAG_03796	B6K530
SJAG_01685	B6JYM2
SJAG_04574	B6K768
SJAG_03682	B6K4W8
SJAG_02462	B6K2J1
SJAG_01916	B6JZ90
SJAG_06617	T0S2X7
SJAG_00540	B6JVX5
SJAG_03486	B6K4D0
SJAG_04975	B6K896
SJAG_00403	B6JVJ2
SJAG_04906	B6K830
SJAG_02480	B6K2L3
SJAG_00835	B6JWQ6
SJAG_03013	B6K332
SJAG_02386	B6K2B8
SJAG_02132	B6K1M1
SJAG_02644	B6K0T0
SJAG_03875	B6K5A5
SJAG_02628	B6K0R9
SJAG_02327	B6K261
SJAG_03600	B6K4N8
SJAG_04770	B6K7Q4
SJAG_04589	B6K783
SJAG_02045	B6JZK5
SJAG_01128	B6JZT8
SJAG_02396	B6K2C8
SJAG_03990	B6K5L4
SJAG_02717	B6K0Z9
SJAG_01118	B6JZS9
SJAG_03534	B6K4H3
SJAG_02974	B6K2Z5
SJAG_00729	B6JWF3
SJAG_04557	B6K752
SJAG_02970	B6K2Z2
SJAG_05179	B6JXL5
SJAG_04029	B6K5Q4
SJAG_03170	B6K3I5
SJAG_01406	B6JXU3
SJAG_01819	B6JYZ6
SJAG_04482	B6K6Y2
SJAG_01028	B6JXA4
SJAG_04911	B6K835
SJAG_04615	B6K7A7
SJAG_03394	B6K442
SJAG_04026	B6K5Q1
SJAG_02617	B6K0Q8
SJAG_04645	B6K7D7
SJAG_04304	B6K6H2
SJAG_01387	B6JXS6
SJAG_00446	B6JVN1
SJAG_03868	B6K599
SJAG_04529	B6K725
SJAG_02029	B6JZI9
SJAG_02847	B6K1C2
SJAG_01628	B6JYG6
SJAG_04087	B6K5W1
SJAG_00159	B6JXL9
SJAG_00559	B6JVZ4
SJAG_00117	B6JXH8
SJAG_04305	B6K6H3
SJAG_01083	B6JXF6
SJAG_03275	B6K3T4
SJAG_01515	B6JY56
SJAG_00631	B6JW61
SJAG_04330	B6K6J7
SJAG_01306	B6K0B2
SJAG_04946	B6K868
SJAG_01871	B6JZ47
SJAG_00495	B6JVS7
SJAG_04221	B6K693
SJAG_04299	B6K6G8
SJAG_05352	B6K8F6
SJAG_04648	B6K7D9
SJAG_03494	B6K4D8
SJAG_02772	B6K150
SJAG_01953	B6JZC4
SJAG_00406	B6JVJ5
SJAG_04060	B6K5T4
SJAG_00390	B6JVI0
SJAG_04986	B6K8A9
SJAG_03506	B6K4F0
SJAG_04578	B6K772
SJAG_04567	B6K761
SJAG_04933	B6K856
SJAG_03098	B6K3B4
SJAG_02046	B6JZK6
SJAG_03714	B6K4Z9
SJAG_02476	B6K2K8
SJAG_03212	B6K3M2
SJAG_00202	B6JXQ9
SJAG_03930	B6K5F5
SJAG_00703	B6JWC9
SJAG_02317	B6K252
SJAG_00348	B6JVE0
SJAG_03575	B6K4L3
SJAG_02308	B6K244
SJAG_04508	B6K706
SJAG_02849	B6K1C4
SJAG_02734	B6K115
SJAG_01153	B6JZW4
SJAG_03852	B6K583
SJAG_02489	B6K2M2
SJAG_01762	B6JYU2
SJAG_00766	B6JWJ0
SJAG_00857	B6JWT2
SJAG_05607	T0TAY8
SJAG_01112	B6JZS2
SJAG_00929	B6JX03
SJAG_03056	B6K374
SJAG_04777	B6K7Q9
SJAG_03007	B6K325
SJAG_00690	B6JWB6
SJAG_03094	B6K3B0
SJAG_00221	B6JV21
SJAG_02066	B6JZM3
SJAG_04003	B6K5M7
SJAG_02034	B6JZJ4
SJAG_04346	B6K6L1
SJAG_05180	B6JXL6
SJAG_04216	B6K688
SJAG_00897	B6JWX2
SJAG_03496	B6K4E0
SJAG_04251	B6K6C2
SJAG_04633	B6K7C5
SJAG_03652	B6K4T9
SJAG_04282	B6K6F0
SJAG_04495	B6K6Z4
SJAG_04053	B6K5S7
SJAG_03182	B6K3J6
SJAG_00276	B6JV71
SJAG_02795	B6K172
SJAG_00916	B6JWZ1
SJAG_04326	B6K6J3
SJAG_04635	B6K7C7
SJAG_04989	B6K8B2
SJAG_02418	B6K2F0
SJAG_00060	B6JUT5
SJAG_04857	B6K7Y4
SJAG_00258	B6JV56
SJAG_01480	B6JY22
SJAG_02011	B6JZH1
SJAG_02726	B6K108
SJAG_02910	B6K1I0
SJAG_03914	B6K5E0
SJAG_01944	B6JZB5
SJAG_02419	B6K2F1
SJAG_01276	B6K084
SJAG_02624	B6K0R5
SJAG_00354	B6JVE6
SJAG_04423	B6K6T4
SJAG_00398	B6JVI7
SJAG_02582	B6K0M4
SJAG_02453	B6K2I3
SJAG_04227	B6K699
SJAG_01862	B6JZ38
SJAG_02049	B6JZK9
SJAG_01065	B6JXD7
SJAG_04015	B6K5N9
SJAG_04863	B6K7Z0
SJAG_00220	B6JV20
SJAG_05203	B6JWR4
SJAG_00704	B6JWD0
SJAG_01993	B6JZF5
SJAG_02298	B6K234
SJAG_03475	B6K4C0
SJAG_01922	B6JZ94
SJAG_02907	B6K1H8
SJAG_01807	B6JYY4
SJAG_00023	B6JUW2
SJAG_00461	B6JVP6
SJAG_04213	B6K685
SJAG_02381	B6K2B3
SJAG_04474	B6K6X4
SJAG_02761	B6K139
SJAG_01840	B6JZ18
SJAG_04363	B6K6M6
SJAG_01555	B6JY94
SJAG_03713	B6K4Z8
SJAG_04675	B6K7G5
SJAG_02202	B6K1U0
SJAG_03162	B6K3H8
SJAG_00957	B6JX30
SJAG_03532	B6K4H1
SJAG_01766	B6JYU6
SJAG_02665	B6K0V0
SJAG_04602	B6K795
SJAG_05310	B6K2V8
SJAG_03204	B6K3L5
SJAG_01499	B6JY40
SJAG_04218	B6K690
SJAG_02204	B6K1U2
SJAG_04697	B6K7I5
SJAG_03788	B6K522
SJAG_03414	B6K461
SJAG_04525	B6K722
SJAG_01835	B6JZ13
SJAG_02253	B6K1Z1
SJAG_01691	B6JYM6
SJAG_03826	B6K558
SJAG_02925	B6K1J6
SJAG_00196	B6JXQ4
SJAG_04261	B6K6D2
SJAG_01052	B6JXC5
SJAG_00677	B6JWA4
SJAG_00243	B6JV41
SJAG_03843	B6K574
SJAG_04325	B6K6J2
SJAG_00223	B6JV23
SJAG_02769	B6K147
SJAG_01914	B6JZ88
SJAG_05285	B6K320
SJAG_00672	B6JW99
SJAG_00325	B6JVB8
SJAG_04841	B6K7W7
SJAG_03239	B6K3P9
SJAG_01338	B6K0E4
SJAG_01982	B6JZE5
SJAG_00868	B6JWU3
SJAG_04352	B6K6L7
SJAG_04534	B6K730
SJAG_00575	B6JW08
SJAG_04917	B6K841
SJAG_01374	B6JXR3
SJAG_01868	B6JZ44
SJAG_02833	B6K1A8
SJAG_00351	B6JVE3
SJAG_03331	B6K3Y4
SJAG_04678	B6K7G7
SJAG_01061	B6JXD3
SJAG_00210	B6JV10
SJAG_02156	B6K1P5
SJAG_01343	B6K0E9
SJAG_02472	B6K2K3
SJAG_00284	B6JV78
SJAG_01945	B6JZB6
SJAG_04293	B6K6G2
SJAG_00830	B6JWQ1
SJAG_02602	B6K0P4
SJAG_01004	B6JX78
SJAG_03061	B6K378
SJAG_02098	B6JZQ3
SJAG_02660	B6K0U5
SJAG_00987	B6JX59
SJAG_03376	B6K427
SJAG_03224	B6K3N4
SJAG_05006	B6K8C8
SJAG_01948	B6JZB9
SJAG_02846	B6K1C1
SJAG_03228	B6K3N8
SJAG_05278	B6K170
SJAG_02830	B6K1A5
SJAG_01186	B6JZZ7
SJAG_02364	B6K296
SJAG_04813	B6K7U1
SJAG_02242	B6K1Y0
SJAG_01139	B6JZU9
SJAG_00787	B6JWL0
SJAG_03981	B6K5K6
SJAG_03316	B6K3X1
SJAG_00216	B6JV16
SJAG_04110	B6K5Y4
SJAG_00705	B6JWD1
SJAG_03584	B6K4M2
SJAG_03540	B6K4H9
SJAG_01064	B6JXD6
SJAG_02081	B6JZN9
SJAG_01317	B6K0C3
SJAG_02247	B6K1Y5
SJAG_00806	B6JWM8
SJAG_02262	B6K1Z8
SJAG_03468	B6K4B4
SJAG_01214	B6K025
SJAG_00882	B6JWV7
SJAG_04970	B6K890
SJAG_02561	B6K0K5
SJAG_04535	B6K731
SJAG_00646	B6JW76
SJAG_01701	B6JYN4
SJAG_00643	B6JW73
SJAG_00997	B6JX69
SJAG_03495	B6K4D9
SJAG_04321	B6K6I8
SJAG_02918	B6K1I8
SJAG_06604	T0S128
SJAG_02461	B6K2J0
SJAG_00237	B6JV36
SJAG_02087	B6JZP5
SJAG_00387	B6JVH7
SJAG_00697	B6JWC3
SJAG_04695	B6K7I3
SJAG_00839	B6JWR1
SJAG_01006	B6JX81
SJAG_01658	B6JYJ7
SJAG_05008	B6K8D0
SJAG_01947	B6JZB8
SJAG_00832	B6JWQ3
SJAG_04240	B6K6B2
SJAG_02404	B6K2D6
SJAG_04514	B6K711
SJAG_01588	B6JYC8
SJAG_01904	B6JZ78
SJAG_04402	B6K6R4
SJAG_01817	B6JYZ4
SJAG_04598	B6K791
SJAG_03347	B6K3Z9
SJAG_01783	B6JYW2
SJAG_04939	B6K863
SJAG_02025	B6JZI5
SJAG_02501	B6K2N4
SJAG_05315	B6K5H2
SJAG_03427	B6K474
SJAG_01650	B6JYI9
SJAG_00818	B6JWP0
SJAG_02455	B6K2I4
SJAG_02627	B6K0R8
SJAG_00046	B6JUS1
SJAG_00791	B6JWL4
SJAG_01611	B6JYF0
SJAG_04454	B6K6V4
SJAG_02946	B6K2X2
SJAG_02757	B6K135
SJAG_06622	T0S0Y2
SJAG_01501	B6JY42
SJAG_03953	B6K5H9
SJAG_02511	B6K2P5
SJAG_03291	B6K3V0
SJAG_01972	B6JZD8
SJAG_00998	B6JX70
SJAG_00088	B6JUY9
SJAG_02752	B6K130
SJAG_04426	B6K6T7
SJAG_02514	B6K2P8
SJAG_02840	B6K1B5
SJAG_01477	B6JY19
SJAG_01973	B6JZD9
SJAG_01547	B6JY88
SJAG_04691	B6K7H9
SJAG_04365	B6K6M8
SJAG_02268	B6K204
SJAG_02802	B6K179
SJAG_00177	B6JXN7
SJAG_00904	B6JWX9
SJAG_00469	B6JVQ4
SJAG_00176	B6JXN6
SJAG_02068	B6JZM5
SJAG_00420	B6JVK6
SJAG_01728	B6JYR2
SJAG_04376	B6K6N9
SJAG_03032	B6K350
SJAG_03931	B6K5F6
SJAG_00454	B6JVN9
SJAG_03101	B6K3B7
SJAG_04844	B6K7X0
SJAG_02783	B6K160
SJAG_04449	B6K6U9
SJAG_02393	B6K2C5
SJAG_00083	B6JUY4
SJAG_03410	B6K457
SJAG_02865	B6K1D9
SJAG_03126	B6K3E2
SJAG_01449	B6JXY9
SJAG_02709	B6K0Z1
SJAG_01127	B6JZT7
SJAG_03161	B6K3H7
SJAG_00415	B6JVK2
SJAG_00574	B6JW07
SJAG_02437	B6K2G8
SJAG_01714	B6JYP9
SJAG_00735	B6JWF9
SJAG_04763	B6K7P6
SJAG_03422	B6K469
SJAG_01958	B6JZC9
SJAG_00687	B6JWB3
SJAG_00224	B6JV24
SJAG_01605	B6JYE4
SJAG_00691	B6JWB7
SJAG_00714	B6JWD9
SJAG_02651	B6K0T6
SJAG_01568	B6JYA7
SJAG_00204	B6JV04
SJAG_00436	B6JVM1
SJAG_00527	B6JVW0
SJAG_02630	B6K0S1
SJAG_03457	B6K4A4
SJAG_02414	B6K2E6
SJAG_01615	B6JYF3
SJAG_01273	B6K081
SJAG_04316	B6K6I3
SJAG_02452	B6K2I2
SJAG_03645	B6K4T2
SJAG_04257	B6K6C8
SJAG_03708	B6K4Z3
SJAG_00934	B6JX08
SJAG_01201	B6K012
SJAG_03206	B6K3L6
SJAG_00006	B6JUR7
SJAG_04360	B6K6M4
SJAG_05020	B6K8E2
SJAG_01698	B6JYN2
SJAG_01417	B6JXV4
SJAG_00208	B6JV08
SJAG_03174	B6K3I9
SJAG_01191	B6K002
SJAG_02004	B6JZG5
SJAG_00678	B6JWA5
SJAG_02228	B6K1W5
SJAG_04242	B6K6B4
SJAG_03603	B6K4P1
SJAG_04457	B6K6V7
SJAG_00125	B6JXI4
SJAG_02487	B6K2M0
SJAG_01202	B6K013
SJAG_00116	B6JXH7
SJAG_00921	B6JWZ6
SJAG_03125	B6K3E1
SJAG_02348	B6K281
SJAG_04183	B6K655
SJAG_02292	B6K228
SJAG_03943	B6K5G8
SJAG_03982	B6K5K7
SJAG_02528	B6K2R2
SJAG_04309	B6K6H7
SJAG_04396	B6K6Q7
SJAG_02207	B6K1U6
SJAG_03683	B6K4W9
SJAG_01874	B6JZ50
SJAG_02844	B6K1B9
SJAG_00573	B6JW06
SJAG_04994	B6K8B7
SJAG_00937	B6JX11
SJAG_02530	B6K2R4
SJAG_01075	B6JXE7
SJAG_04084	B6K5V8
SJAG_00467	B6JVQ2
SJAG_04782	B6K7R5
SJAG_02485	B6K2L8
SJAG_04372	B6K6N5
SJAG_00164	B6JXM4
SJAG_04721	B6K7K7
SJAG_05327	B6K695
SJAG_02430	B6K2G1
SJAG_02337	B6K271
SJAG_02319	B6K254
SJAG_05889	T0S160
SJAG_00092	B6JUZ3
SJAG_01865	B6JZ41
SJAG_02867	B6K1E1
SJAG_00163	B6JXM3
SJAG_03366	B6K418
SJAG_01015	B6JX90
SJAG_03254	B6K3R3
SJAG_01509	B6JY50
SJAG_02281	B6K217
SJAG_01693	B6JYM7
SJAG_00099	B6JUZ9
SJAG_02088	B6JZP6
SJAG_01500	B6JY41
SJAG_03964	B6K5J0
SJAG_00954	B6JX27
SJAG_02981	B6K302
SJAG_03550	B6K4I9
SJAG_03369	B6K421
SJAG_02289	B6K225
SJAG_02985	B6K306
SJAG_01756	B6JYT7
SJAG_03699	B6K4Y4
SJAG_03577	B6K4L5
SJAG_02052	B6JZL1
SJAG_01832	B6JZ10
SJAG_02212	B6K1V2
SJAG_02648	B6K0T4
SJAG_00773	B6JWJ7
SJAG_02010	B6JZH0
SJAG_04006	B6K5N0
SJAG_02524	B6K2Q8
SJAG_01025	B6JXA1
SJAG_03839	B6K570
SJAG_03229	B6K3N9
SJAG_02500	B6K2N3
SJAG_00861	B6JWT6
SJAG_00747	B6JWH1
SJAG_04002	B6K5M6
SJAG_02033	B6JZJ3
SJAG_03869	B6K5A0
SJAG_00048	B6JUS3
SJAG_02082	B6JZP0
SJAG_02295	B6K231
SJAG_04541	B6K738
SJAG_02875	B6K1F0
SJAG_02335	B6K269
SJAG_03449	B6K496
SJAG_05745	T0TAZ8
SJAG_02138	B6K1M7
SJAG_04757	B6K7P0
SJAG_01375	B6JXR4
SJAG_05210	B6JX75
SJAG_04357	B6K6M1
SJAG_00389	B6JVH9
SJAG_02321	B6K256
SJAG_02928	B6K1J9
SJAG_03641	B6K4S9
SJAG_01433	B6JXX1
SJAG_02526	B6K2R0
SJAG_05050	B6K8F7
SJAG_00457	B6JVP2
SJAG_01659	B6JYJ8
SJAG_00426	B6JVL2
SJAG_04717	B6K7K3
SJAG_00310	B6JVA3
SJAG_03045	B6K363
SJAG_03406	B6K453
SJAG_01842	B6JZ20
SJAG_04163	B6K634
SJAG_02372	B6K2A4
SJAG_02541	B6K0I5
SJAG_02424	B6K2F5
SJAG_01086	B6JXF9
SJAG_03508	B6K4F2
SJAG_03238	B6K3P8
SJAG_06614	T0RSW0
SJAG_02070	B6JZM8
SJAG_05289	B6K385
SJAG_00397	B6JVI6
SJAG_03340	B6K3Z3
SJAG_04516	B6K713
SJAG_04966	B6K886
SJAG_03984	B6K5K9
SJAG_01885	B6JZ61
SJAG_01483	B6JY25
SJAG_02554	B6K0J7
SJAG_04042	B6K5R6
SJAG_02274	B6K209
SJAG_03893	B6K5C3
SJAG_05173	B6JUR5
SJAG_03719	B6K2S1
SJAG_04823	B6K7V1
SJAG_00412	B6JVJ9
SJAG_04617	B6K7A9
SJAG_03951	B6K5H7
SJAG_00296	B6JV89
SJAG_03808	B6K542
SJAG_04283	B6K6F1
SJAG_04554	B6K750
SJAG_00860	B6JWT5
SJAG_01627	B6JYG5
SJAG_04517	B6K714
SJAG_00450	B6JVN5
SJAG_05234	B6JXX8
SJAG_00834	B6JWQ5
SJAG_02118	B6K1K7
SJAG_05213	B6JX98
SJAG_02885	B6K1F7
SJAG_03563	B6K4K1
SJAG_01737	B6JYR9
SJAG_02594	B6K0N6
SJAG_02482	B6K2L5
SJAG_04264	B6K6D5
SJAG_03937	B6K5G2
SJAG_01665	B6JYK4
SJAG_01133	B6JZU3
SJAG_02513	B6K2P7
SJAG_00319	B6JVB2
SJAG_00854	B6JWS8
SJAG_02771	B6K149
SJAG_04903	B6K827
SJAG_01519	B6JY60
SJAG_01412	B6JXU9
SJAG_01392	B6JXT1
SJAG_03611	B6K4P9
SJAG_04400	B6K6R2
SJAG_04693	B6K7I1
SJAG_04220	B6K692
SJAG_05280	B6K184
SJAG_02977	B6K2Z8
SJAG_02260	B6K1Z6
SJAG_03282	B6K3U1
SJAG_04810	B6K7T9
SJAG_04696	B6K7I4
SJAG_00917	B6JWZ2
SJAG_03362	B6K414
SJAG_05242	B6JYM0
SJAG_01505	B6JY46
SJAG_03820	B6K553
SJAG_02949	B6K2X5
SJAG_00522	B6JVV5
SJAG_02293	B6K229
SJAG_04031	B6K5Q6
SJAG_05118	B6K8G5
SJAG_02995	B6K316
SJAG_02566	B6K0L0
SJAG_04687	B6K7H5
SJAG_01907	B6JZ81
SJAG_02153	B6K1P2
SJAG_03405	B6K452
SJAG_01140	B6JZV0
SJAG_00355	B6JVE7
SJAG_01774	B6JYV3
SJAG_04162	B6K633
SJAG_03594	B6K4N2
SJAG_01707	B6JYP2
SJAG_03942	B6K5G7
SJAG_00635	B6JW65
SJAG_02194	B6K1T2
SJAG_00297	B6JV90
SJAG_02100	B6JZQ5
SJAG_04353	B6K6L8
SJAG_00004	B6JUR6
SJAG_03078	B6K395
SJAG_02848	B6K1C3
SJAG_02791	B6K167
SJAG_04842	B6K7W8
SJAG_03130	B6K3E6
SJAG_03697	B6K4Y2
SJAG_03967	B6K5J4
SJAG_03524	B6K4G4
SJAG_04713	B6K7J9
SJAG_00399	B6JVI8
SJAG_01241	B6K053
SJAG_01312	B6K0B8
SJAG_02206	B6K1U5
SJAG_00464	B6JVP9
SJAG_01206	B6K017
SJAG_02444	B6K2H6
SJAG_00507	B6JVU1
SJAG_01283	B6K091
SJAG_04897	B6K821
SJAG_04291	B6K6G0
SJAG_00118	B6JXH9
SJAG_01079	B6JXF1
SJAG_02412	B6K2E4
SJAG_01383	B6JXS2
SJAG_03528	B6K4G8
SJAG_04481	B6K6Y1
SJAG_01411	B6JXU8
SJAG_01185	B6JZZ6
SJAG_04772	B6K7Q6
SJAG_01678	B6JYL7
SJAG_02389	B6K2C1
SJAG_01985	B6JZE7
SJAG_04093	B6K5W8
SJAG_05259	B6K1U9
SJAG_01940	B6JZB1
SJAG_04238	B6K6B0
SJAG_04056	B6K5T0
SJAG_00400	B6JVI9
SJAG_03012	B6K330
SJAG_05353	B6K8G0
SJAG_02991	B6K312
SJAG_01556	B6JY95
SJAG_00758	B6JWI3
SJAG_03482	B6K4C6
SJAG_05373	T0RT79
SJAG_04957	B6K879
SJAG_04025	B6K5Q0
SJAG_01233	B6K045
SJAG_04851	B6K7X7
SJAG_00344	B6JVD7
SJAG_05307	B6K2T6
SJAG_04968	B6K888
SJAG_04874	B6K7Z9
SJAG_02580	B6K0M2
SJAG_03541	B6K4I0
SJAG_02525	B6K2Q9
SJAG_01583	B6JYC2
SJAG_00797	B6JWL9
SJAG_03535	B6K4H4
SJAG_00049	B6JUS4
SJAG_01528	B6JY69
SJAG_02722	B6K104
SJAG_04471	B6K6X1
SJAG_03214	B6K3M4
SJAG_03400	B6K447
SJAG_02166	B6K1Q5
SJAG_05154	B6K8H0
SJAG_02637	B6K0S4
SJAG_00171	B6JXN1
SJAG_04065	B6K5T9
SJAG_02040	B6JZK0
SJAG_04991	B6K8B4
SJAG_04172	B6K644
SJAG_00097	B6JUZ8
SJAG_00692	B6JWB8
SJAG_03361	B6K413
SJAG_02591	B6K0N3
SJAG_05398	T0T6P1
SJAG_01888	B6JZ64
SJAG_02152	B6K1P1
SJAG_00236	B6JV35
SJAG_01849	B6JZ26
SJAG_00329	B6JVC2
SJAG_02324	B6K259
SJAG_02960	B6K2Y5
SJAG_01741	B6JYS3
SJAG_00732	B6JWF6
SJAG_01619	B6JYF7
SJAG_01526	B6JY67
SJAG_03986	B6K5L1
SJAG_04050	B6K5S4
SJAG_02609	B6K0Q1
SJAG_00688	B6JWB4
SJAG_00322	B6JVB5
SJAG_00222	B6JV22
SJAG_05027	B6K8E8
SJAG_03753	B6K2V3
SJAG_04513	B6K710
SJAG_03042	B6K360
SJAG_00585	B6JW18
SJAG_02158	B6K1P7
SJAG_02496	B6K2M9
SJAG_02103	B6JZQ8
SJAG_01981	B6JZE4
SJAG_04465	B6K6W5
SJAG_01461	B6JY01
SJAG_02210	B6K1V0
SJAG_00576	B6JW09
SJAG_03191	B6K3K2
SJAG_02767	B6K145
SJAG_06383	T0TB29
SJAG_01364	B6K0H1
SJAG_02836	B6K1B1
SJAG_02992	B6K313
SJAG_02890	B6K1G2
SJAG_03463	B6K4A9
SJAG_00384	B6JVH3
SJAG_03899	B6K5C9
SJAG_00372	B6JVG1
SJAG_02690	B6K0X2
SJAG_01569	B6JYA8
SJAG_04737	B6K7M1
SJAG_04637	B6K7C9
SJAG_04241	B6K6B3
SJAG_05872	T0S346
SJAG_02622	B6K0R3
SJAG_02675	B6K0V8
SJAG_04107	B6K5Y1
SJAG_00784	B6JWK7
SJAG_00147	B6JXK5
SJAG_00872	B6JWU7
SJAG_01995	B6JZF7
SJAG_03311	B6K3W7
SJAG_00899	B6JWX4
SJAG_04890	B6K814
SJAG_05028	B6K8E9
SJAG_06620	T0RSS1
SJAG_01074	B6JXE6
SJAG_01017	B6JX92
SJAG_01021	B6JX96
SJAG_02919	B6K1I9
SJAG_02233	B6K1X0
SJAG_03148	B6K3G4
SJAG_06187	T0TB16
SJAG_04791	B6K7S5
SJAG_04796	B6K7S9
SJAG_01413	B6JXV0
SJAG_03203	B6K3L4
SJAG_02730	B6K112
SJAG_01288	B6K096
SJAG_05218	B6JZV9
SJAG_05333	B6K733
SJAG_03582	B6K4M0
SJAG_03473	B6K4B9
SJAG_04057	B6K5T1
SJAG_04669	B6K7F9
SJAG_01070	B6JXE2
SJAG_03717	B6K2R9
SJAG_00047	B6JUS2
SJAG_00374	B6JVG3
SJAG_03281	B6K3U0
SJAG_03637	B6K4S5
SJAG_02863	B6K1D7
SJAG_04012	B6K5N6
SJAG_03747	B6K2U7
SJAG_01156	B6JZW8
SJAG_01155	B6JZW6
SJAG_00645	B6JW75
SJAG_01078	B6JXF0
SJAG_00151	B6JXK9
SJAG_03026	B6K345
SJAG_01005	B6JX80
SJAG_02456	B6K2I5
SJAG_01689	B6JYM4
SJAG_03961	B6K5I7
SJAG_04656	B6K7E7
SJAG_00113	B6JXH4
SJAG_01447	B6JXY7
SJAG_04276	B6K6E6
SJAG_02702	B6K0Y4
SJAG_01968	B6JZD5
SJAG_02002	B6JZG3
SJAG_02705	B6K0Y7
SJAG_00770	B6JWJ4
SJAG_05306	B6K4L1
SJAG_03017	B6K336
SJAG_02039	B6JZJ9
SJAG_01251	B6K062
SJAG_04337	B6K6K2
SJAG_00802	B6JWM4
SJAG_04459	B6K6V9
SJAG_04692	B6K7I0
SJAG_04125	B6K600
SJAG_03014	B6K333
SJAG_03711	B6K4Z6
SJAG_00394	B6JVI3
SJAG_01784	B6JYW3
SJAG_01923	B6JZ96
SJAG_04048	B6K5S2
SJAG_01451	B6JXZ1
SJAG_01551	B6JY91
SJAG_03180	B6K3J4
SJAG_02143	B6K1N1
SJAG_03453	B6K4A0
SJAG_03115	B6K3D1
SJAG_04076	B6K5V0
SJAG_02467	B6K2J6
SJAG_00809	B6JWN1
SJAG_03635	B6K4S3
SJAG_03907	B6K5D5
SJAG_03240	B6K3Q0
SJAG_04703	B6K7J0
SJAG_04879	B6K803
SJAG_01992	B6JZF4
SJAG_01354	B6K0G1
SJAG_03709	B6K4Z4
SJAG_00930	B6JX04
SJAG_01510	B6JY51
SJAG_03152	B6K3G8
SJAG_03092	B6K3A8
SJAG_01544	B6JY85
SJAG_03824	B6K556
SJAG_02618	B6K0Q9
SJAG_03109	B6K3C5
SJAG_03655	B6K4U2
SJAG_01943	B6JZB4
SJAG_01235	B6K047
SJAG_01541	B6JY82
SJAG_03801	B6K535
SJAG_02599	B6K0P1
SJAG_01680	B6JYL9
SJAG_00189	B6JXP8
SJAG_00134	B6JXJ2
SJAG_02062	B6JZL9
SJAG_01534	B6JY75
SJAG_01576	B6JYB5
SJAG_01472	B6JY12
SJAG_00033	B6JUT9
SJAG_01347	B6K0F3
SJAG_01858	B6JZ34
SJAG_02451	B6K2I1
SJAG_03601	B6K4N9
SJAG_03290	B6K3U9
SJAG_01652	B6JYJ1
SJAG_04949	B6K871
SJAG_04769	B6K7Q3
SJAG_03223	B6K3N3
SJAG_02874	B6K1E9
SJAG_00530	B6JVW4
SJAG_02955	B6K2Y0
SJAG_05254	B6JZR4
SJAG_02653	B6K0T8
SJAG_00586	B6JW19
SJAG_00953	B6JX26
SJAG_04987	B6K8B0
SJAG_02973	B6K2Z4
SJAG_01553	B6JY93
SJAG_04247	B6K6B9
SJAG_04091	B6K5W6
SJAG_03633	B6K4S1
SJAG_00350	B6JVE2
SJAG_03116	B6K3D2
SJAG_00749	B6JWH3
SJAG_02459	B6K2I8
SJAG_01053	B6JXC6
SJAG_01959	B6JZD0
SJAG_01575	B6JYB4
SJAG_01205	B6K016
SJAG_01422	B6JXV9
SJAG_01362	B6K0G9
SJAG_00205	B6JV05
SJAG_04004	B6K5M8
SJAG_00545	B6JVY0
SJAG_01785	B6JYW4
SJAG_03846	B6K577
SJAG_00340	B6JVD3
SJAG_00975	B6JX48
SJAG_04963	B6K883
SJAG_01395	B6JXT3
SJAG_00080	B6JUY1
SJAG_01430	B6JXW8
SJAG_04005	B6K5M9
SJAG_03970	B6K5J7
SJAG_02733	B6K114
SJAG_04912	B6K836
SJAG_04114	B6K5Y8
SJAG_02005	B6JZG6
SJAG_01187	B6JZZ8
SJAG_03983	B6K5K8
SJAG_04389	B6K6Q1
SJAG_04119	B6K5Z3
SJAG_02058	B6JZL5
SJAG_01913	B6JZ87
SJAG_03592	B6K4N0
SJAG_01327	B6K0D4
SJAG_01673	B6JYL2
SJAG_03624	B6K4R2
SJAG_00470	B6JVQ5
SJAG_03546	B6K4I5
SJAG_00906	B6JWY1
SJAG_04916	B6K840
SJAG_03538	B6K4H7
SJAG_02922	B6K1J2
SJAG_02738	B6K119
SJAG_04266	B6K6D7
SJAG_03619	B6K4Q7
SJAG_03787	B6K521
SJAG_04952	B6K873
SJAG_03325	B6K3X9
SJAG_03166	B6K3I1
SJAG_00610	B6JW41
SJAG_05226	B6K0D0
SJAG_02777	B6K155
SJAG_02896	B6K1G7
SJAG_04953	B6K874
SJAG_02989	B6K310
SJAG_00572	B6JW05
SJAG_00334	B6JVC7
SJAG_04097	B6K5X2
SJAG_02463	B6K2J2
SJAG_00209	B6JV09
SJAG_00066	B6JUW7
SJAG_04049	B6K5S3
SJAG_04909	B6K833
SJAG_03253	B6K3R2
SJAG_00948	B6JX22
SJAG_00560	B6JVZ5
SJAG_00737	B6JWG1
SJAG_04124	B6K5Z9
SJAG_02276	B6K212
SJAG_04075	B6K5U9
SJAG_01281	B6K089
SJAG_00805	B6JWM7
SJAG_05241	B6JYH7
SJAG_01893	B6JZ68
SJAG_00888	B6JWW3
SJAG_00013	B6JUS0
SJAG_01232	B6K044
SJAG_01956	B6JZC7
SJAG_03723	B6K2S5
SJAG_00465	B6JVQ0
SJAG_02198	B6K1T6
SJAG_01635	B6JYH3
SJAG_01900	B6JZ75
SJAG_02819	B6K196
SJAG_00012	B6JUR9
SJAG_03737	B6K2T9
SJAG_02161	B6K1Q0
SJAG_03044	B6K362
SJAG_00604	B6JW36
SJAG_00644	B6JW74
SJAG_03725	B6K2S7
SJAG_01600	B6JYE0
SJAG_03171	B6K3I6
SJAG_01906	B6JZ80
SJAG_02420	B6K2F2
SJAG_00091	B6JUZ2
SJAG_00288	B6JV82
SJAG_02831	B6K1A6
SJAG_01846	B6JZ24
SJAG_02101	B6JZQ6
SJAG_02391	B6K2C3
SJAG_02409	B6K2E2
SJAG_04584	B6K779
SJAG_02538	B6K0I2
SJAG_06270	T0T6I1
SJAG_02159	B6K1P8
SJAG_02320	B6K255
SJAG_03301	B6K3V9
SJAG_00472	B6JVQ7
SJAG_02182	B6K1S0
SJAG_04523	B6K720
SJAG_02993	B6K314
SJAG_00172	B6JXN2
SJAG_01546	B6JY87
SJAG_02302	B6K238
SJAG_00752	B6JWH6
SJAG_02208	B6K1U7
SJAG_02477	B6K2L0
SJAG_04852	B6K7X8
SJAG_02297	B6K233
SJAG_03368	B6K420
SJAG_01151	B6JZW2
SJAG_03244	B6K3Q3
SJAG_02498	B6K2N1
SJAG_03995	B6K5L9
SJAG_01196	B6K007
SJAG_02854	B6K1C9
SJAG_00074	B6JUX6
SJAG_02577	B6K0M0
SJAG_01739	B6JYS1
SJAG_02429	B6K2G0
SJAG_01357	B6K0G4
SJAG_03833	B6K565
SJAG_02887	B6K1F9
SJAG_02719	B6K101
SJAG_02765	B6K143
SJAG_02304	B6K240
SJAG_04892	B6K816
SJAG_04570	B6K764
SJAG_02154	B6K1P3
SJAG_00353	B6JVE5
SJAG_00613	B6JW44
SJAG_04609	B6K7A0
SJAG_00445	B6JVN0
SJAG_04575	B6K769
SJAG_02756	B6K134
SJAG_00153	B6JXL1
SJAG_02171	B6K1Q9
SJAG_00170	B6JXN0
SJAG_04767	B6K7Q1
SJAG_03188	B6K3K0
SJAG_00217	B6JV17
SJAG_01593	B6JYD3
SJAG_01765	B6JYU5
SJAG_02071	B6JZM9
SJAG_06597	T0RST8
SJAG_03287	B6K3U6
SJAG_02556	B6K0K0
SJAG_03146	B6K3G2
SJAG_00814	B6JWN7
SJAG_03355	B6K408
SJAG_05341	B6K7R6
SJAG_00657	B6JW85
SJAG_04399	B6K6R0
SJAG_02057	B6JZL4
SJAG_01873	B6JZ49
SJAG_01057	B6JXD0
SJAG_04094	B6K5W9
SJAG_01419	B6JXV6
SJAG_01129	B6JZT9
SJAG_02990	B6K311
SJAG_03774	B6K507
SJAG_01282	B6K090
SJAG_01442	B6JXY2
SJAG_02873	B6K1E8
SJAG_00871	B6JWU6
SJAG_01806	B6JYY3
SJAG_00903	B6JWX8
SJAG_00637	B6JW67
SJAG_01896	B6JZ71
SJAG_04486	B6K6Y5
SJAG_01093	B6JZR6
SJAG_03771	B6K504
SJAG_01898	B6JZ73
SJAG_02351	B6K284
SJAG_03800	B6K534
SJAG_00479	B6JVR3
SJAG_02774	B6K152
SJAG_00844	B6JWR7
SJAG_01258	B6K067
SJAG_02380	B6K2B2
SJAG_03720	B6K2S2
SJAG_00085	B6JUY6
SJAG_03929	B6K5F4
SJAG_00392	B6JVI2
SJAG_03784	B6K518
SJAG_04249	B6K6C1
SJAG_04277	B6K6E7
SJAG_02728	B6K110
SJAG_03676	B6K4W2
SJAG_00776	B6JWJ9
SJAG_01512	B6JY53
SJAG_01706	B6JYP1
SJAG_01675	B6JYL4
SJAG_03670	B6K4V6
SJAG_03173	B6K3I8
SJAG_01174	B6JZY5
SJAG_02794	B6K171
SJAG_03906	B6K5D4
SJAG_02725	B6K107
SJAG_03891	B6K5C1
SJAG_02096	B6JZQ1
SJAG_00625	B6JW55
SJAG_04493	B6K6Z2
SJAG_04919	B6K843
SJAG_02107	B6JZR2
SJAG_02286	B6K222
SJAG_01275	B6K083
SJAG_03033	B6K351
SJAG_01307	B6K0B3
SJAG_04999	B6K8C1
SJAG_04579	B6K773
SJAG_01009	B6JX84
SJAG_03762	B6K2W3
SJAG_02339	B6K273
SJAG_00874	B6JWU9
SJAG_04201	B6K673
SJAG_02645	B6K0T1
SJAG_02829	B6K1A4
SJAG_02027	B6JZI7
SJAG_06638	T0RSQ8
SJAG_01183	B6JZZ4
SJAG_04168	B6K640
SJAG_04561	B6K756
SJAG_04701	B6K7I9
SJAG_02405	B6K2D7
SJAG_05331	B6K6R1
SJAG_00119	B6JXI0
SJAG_04793	B6K7S7
SJAG_02076	B6JZN4
SJAG_01379	B6JXR8
SJAG_01562	B6JYA1
SJAG_04563	B6K758
SJAG_16452	T0TB05
SJAG_00541	B6JVX6
SJAG_02807	B6K185
SJAG_03805	B6K539
SJAG_01523	B6JY64
SJAG_00286	B6JV80
SJAG_01715	B6JYQ0
SJAG_03792	B6K526
SJAG_04073	B6K5U7
SJAG_02155	B6K1P4
SJAG_05328	B6K6F5
SJAG_00283	B6JV77
SJAG_00950	B6JX24
SJAG_00863	B6JWT8
SJAG_00386	B6JVH6
SJAG_03556	B6K4J5
SJAG_04269	B6K6D9
SJAG_00063	B6JUS9
SJAG_04484	B6K6Y4
SJAG_02573	B6K0L7
SJAG_00967	B6JX40
SJAG_04311	B6K6H9
SJAG_04522	B6K719
SJAG_02366	B6K298
SJAG_01753	B6JYT4
SJAG_01834	B6JZ12
SJAG_04078	B6K5V2
SJAG_04383	B6K6P6
SJAG_04685	B6K7H3
SJAG_00050	B6JUS5
SJAG_00496	B6JVS8
SJAG_00179	B6JXN9
SJAG_03426	B6K473
SJAG_00725	B6JWE9
SJAG_05105	B6K8G3
SJAG_04743	B6K7M7
SJAG_02266	B6K202
SJAG_01341	B6K0E7
SJAG_03897	B6K5C7
SJAG_04343	B6K6K8
SJAG_04776	B6K7Q8
SJAG_04977	B6K898
SJAG_00907	B6JWY2
SJAG_00913	B6JWY8
SJAG_02958	B6K2Y3
SJAG_05212	B6JX79
SJAG_02604	B6K0P6
SJAG_02358	B6K291
SJAG_05187	B6JVR2
SJAG_05323	B6K5Z4
SJAG_00300	B6JV93
SJAG_03395	B6K443
SJAG_02758	B6K136
SJAG_01755	B6JYT6
SJAG_02544	B6K0I8
SJAG_00482	B6JVR6
SJAG_03419	B6K466
SJAG_04588	B6K782
SJAG_01670	B6JYK9
SJAG_03295	B6K3V3
SJAG_04174	B6K646
SJAG_00630	B6JW60
SJAG_04848	B6K7X4
SJAG_03684	B6K4X0
SJAG_03425	B6K472
SJAG_03913	B6K5D9
SJAG_03634	B6K4S2
SJAG_00052	B6JUS7
SJAG_04379	B6K6P2
SJAG_01955	B6JZC6
SJAG_03849	B6K580
SJAG_01371	B6K0H8
SJAG_00901	B6JWX6
SJAG_04846	B6K7X2
SJAG_02256	B6K1Z4
SJAG_03019	B6K338
SJAG_04434	B6K6U5
SJAG_02835	B6K1B0
SJAG_03864	B6K595
SJAG_01558	B6JY97
SJAG_01068	B6JXE0
SJAG_01239	B6K051
SJAG_04860	B6K7Y7
SJAG_02249	B6K1Y7
SJAG_02287	B6K223
SJAG_01799	B6JYX7
SJAG_01114	B6JZS5
SJAG_00681	B6JWA7
SJAG_03252	B6K3R1
SJAG_02914	B6K1I4
SJAG_04039	B6K5R3
SJAG_02038	B6JZJ8
SJAG_03418	B6K465
SJAG_01837	B6JZ15
SJAG_00693	B6JWB9
SJAG_05316	B6K5H3
SJAG_00082	B6JUY3
SJAG_02841	B6K1B6
SJAG_02028	B6JZI8
SJAG_01713	B6JYP8
SJAG_03715	B6K500
SJAG_04294	B6K6G3
SJAG_02713	B6K0Z5
SJAG_03352	B6K405
SJAG_01351	B6K0F8
SJAG_02018	B6JZH8
SJAG_00486	B6JVS0
SJAG_04009	B6K5N3
SJAG_01150	B6JZW1
SJAG_02972	B6K2Z3
SJAG_01787	B6JYW6
SJAG_05274	B6K0S2
SJAG_04934	B6K857
SJAG_00038	B6JUU4
SJAG_02139	B6K1M8
SJAG_01058	B6JXD1
SJAG_00881	B6JWV6
SJAG_04728	B6K7L3
SJAG_01231	B6K043
SJAG_02269	B6K205
SJAG_03490	B6K4D4
SJAG_00124	B6JXI3
SJAG_03225	B6K3N5
SJAG_00803	B6JWM5
SJAG_00822	B6JWP4
SJAG_04207	B6K679
SJAG_00131	B6JXI9
SJAG_02547	B6K0J1
SJAG_03830	B6K562
SJAG_04166	B6K637
SJAG_01319	B6K0C4
SJAG_01325	B6K0D2
SJAG_00250	B6JV48
SJAG_01719	B6JYQ4
SJAG_00058	B6JUT3
SJAG_03569	B6K4K6
SJAG_04253	B6K6C4
SJAG_01522	B6JY63
SJAG_00424	B6JVL0
SJAG_01870	B6JZ46
SJAG_00411	B6JVJ8
SJAG_01144	B6JZV4
SJAG_01791	B6JYX0
SJAG_02920	B6K1J0
SJAG_01489	B6JY30
SJAG_00127	B6JXI6
SJAG_03183	B6K3J7
SJAG_00401	B6JVJ0
SJAG_00640	B6JW70
SJAG_05977	T0S165
SJAG_00724	B6JWE8
SJAG_01746	B6JYS8
SJAG_03292	B6K3V1
SJAG_02553	B6K0J6
SJAG_01116	B6JZS7
SJAG_04738	B6K7M2
SJAG_01742	B6JYS4
SJAG_03781	B6K514
SJAG_03545	B6K4I4
SJAG_06586	T0S357
SJAG_01638	B6JYH6
SJAG_01424	B6JXW2
SJAG_01427	B6JXW5
SJAG_01800	B6JYX8
SJAG_00935	B6JX09
SJAG_01597	B6JYD7
SJAG_04406	B6K6R8
SJAG_01564	B6JYA3
SJAG_01032	B6JXA8
SJAG_03863	B6K594
SJAG_00722	B6JWE6
SJAG_02361	B6K294
SJAG_03880	B6K5B0
SJAG_03322	B6K3X6
SJAG_03873	B6K5A3
SJAG_04083	B6K5V7
SJAG_04764	B6K7P8
SJAG_02347	B6K280
SJAG_04993	B6K8B6
SJAG_01310	B6K0B6
SJAG_04477	B6K6X7
SJAG_00198	B6JXQ6
SJAG_02377	B6K2A9
SJAG_04067	B6K5U1
SJAG_04494	B6K6Z3
SJAG_00321	B6JVB4
SJAG_03363	B6K415
SJAG_00728	B6JWF2
SJAG_03672	B6K4V8
SJAG_01816	B6JYZ3
SJAG_04129	B6K604
SJAG_02872	B6K1E7
SJAG_00485	B6JVR9
SJAG_01432	B6JXX0
SJAG_03470	B6K4B6
SJAG_02527	B6K2R1
SJAG_04312	B6K6I0
SJAG_02843	B6K1B8
SJAG_02838	B6K1B3
SJAG_01731	B6JYR4
SJAG_04644	B6K7D6
SJAG_00139	B6JXJ7
SJAG_03151	B6K3G7
SJAG_01359	B6K0G6
SJAG_03176	B6K3J1
SJAG_00054	B6JUT1
SJAG_00800	B6JWM2
SJAG_03701	B6K4Y6
SJAG_02592	B6K0N4
SJAG_04064	B6K5T8
SJAG_03157	B6K3H3
SJAG_02365	B6K297
SJAG_04947	B6K869
SJAG_00843	B6JWR6
SJAG_02285	B6K221
SJAG_01494	B6JY35
SJAG_00352	B6JVE4
SJAG_02519	B6K2Q3
SJAG_00506	B6JVU0
SJAG_00551	B6JVY6
SJAG_01794	B6JYX1
SJAG_04473	B6K6X3
SJAG_00850	B6JWS4
SJAG_01634	B6JYH2
SJAG_00905	B6JWY0
SJAG_02464	B6K2J3
SJAG_01533	B6JY74
SJAG_00976	B6JX49
SJAG_03700	B6K4Y5
SJAG_00939	B6JX13
SJAG_04286	B6K6F4
SJAG_00594	B6JW25
SJAG_01764	B6JYU4
SJAG_02828	B6K1A3
SJAG_04013	B6K5N7
SJAG_01313	B6K0B9
SJAG_04022	B6K5P6
SJAG_03377	B6K428
SJAG_02537	B6K0I1
SJAG_00505	B6JVT9
SJAG_04821	B6K7U9
SJAG_02715	B6K0Z7
SJAG_02185	B6K1S3
SJAG_01264	B6K073
SJAG_02683	B6K0W5
SJAG_04808	B6K7T7
SJAG_04228	B6K6A0
SJAG_02684	B6K0W6
SJAG_02779	B6K157
SJAG_04014	B6K5N8
SJAG_00833	B6JWQ4
SJAG_02312	B6K247
SJAG_00230	B6JV29
SJAG_04845	B6K7X1
SJAG_04998	B6K8C0
SJAG_03450	B6K497
SJAG_04616	B6K7A8
SJAG_02512	B6K2P6
SJAG_02140	B6K1M9
SJAG_04649	B6K7E0
SJAG_03968	B6K5J5
SJAG_00983	B6JX55
SJAG_01217	B6K028
SJAG_03994	B6K5L8
SJAG_06449	T0RSR7
SJAG_00133	B6JXJ1
SJAG_00626	B6JW56
SJAG_02856	B6K1D1
SJAG_04976	B6K897
SJAG_03079	B6K396
SJAG_01384	B6JXS3
SJAG_01604	B6JYE3
SJAG_00452	B6JVN7
SJAG_01020	B6JX95
SJAG_03895	B6K5C5
SJAG_00684	B6JWB0
SJAG_00686	B6JWB2
SJAG_02390	B6K2C2
SJAG_01019	B6JX94
SJAG_03726	B6K2S8
SJAG_00553	B6JVY8
SJAG_04371	B6K6N4
SJAG_04334	B6K6J9
SJAG_03082	B6K399
SJAG_00847	B6JWS0
SJAG_00232	B6JV31
SJAG_00516	B6JVU9
SJAG_00852	B6JWS6
SJAG_00305	B6JV98
SJAG_03612	B6K4Q0
SJAG_03623	B6K4R1
SJAG_03716	B6K501
SJAG_04414	B6K6S6
SJAG_04146	B6K617
SJAG_03993	B6K5L7
SJAG_02174	B6K1R2
SJAG_04088	B6K5W2
SJAG_04140	B6K611
SJAG_04928	B6K851
SJAG_01040	B6JXB3
SJAG_01455	B6JXZ5
SJAG_04010	B6K5N4
SJAG_02261	B6K1Z7
SJAG_01181	B6JZZ2
SJAG_03143	B6K3F9
SJAG_00174	B6JXN4
SJAG_01521	B6JY62
SJAG_02712	B6K0Z4
SJAG_01161	B6JZX3
SJAG_03704	B6K4Y9
SJAG_03069	B6K387
SJAG_04766	B6K7Q0
SJAG_04265	B6K6D6
SJAG_02024	B6JZI4
SJAG_01930	B6JZA3
SJAG_00680	B6JWA6
SJAG_02773	B6K151
SJAG_03881	B6K5B1
SJAG_01234	B6K046
SJAG_00577	B6JW10
SJAG_01311	B6K0B7
SJAG_04856	B6K7Y3
SJAG_00670	B6JW97
SJAG_01204	B6K015
SJAG_00931	B6JX05
SJAG_03159	B6K3H5
SJAG_01467	B6JY07
SJAG_04984	B6K8A6
SJAG_00416	B6JVK3
SJAG_00597	B6JW28
SJAG_00064	B6JUW5
SJAG_03856	B6K587
SJAG_04349	B6K6L4
SJAG_02007	B6JZG8
SJAG_03202	B6K3L3
SJAG_00281	B6JV76
SJAG_04235	B6K6A7
SJAG_03156	B6K3H2
SJAG_03175	B6K3J0
SJAG_04865	B6K7Z2
SJAG_01077	B6JXE9
SJAG_03267	B6K3S6
SJAG_00015	B6JUV3
SJAG_06428	T0TAY5
SJAG_03378	B6K429
SJAG_01148	B6JZV8
SJAG_04907	B6K831
SJAG_00708	B6JWD4
SJAG_03020	B6K339
SJAG_03727	B6K2S9
SJAG_05250	B6JZ95
SJAG_01302	B6K0A9
SJAG_05015	B6K8D7
SJAG_00192	B6JXQ1
SJAG_03647	B6K4T4
SJAG_01919	B6JZ93
SJAG_00175	B6JXN5
SJAG_01303	B6K0B0
SJAG_03467	B6K4B3
SJAG_04732	B6K7L6
SJAG_03065	B6K382
SJAG_00583	B6JW16
SJAG_02323	B6K258
SJAG_03433	B6K480
SJAG_03054	B6K372
SJAG_00481	B6JVR5
SJAG_00338	B6JVD1
SJAG_02962	B6K2Y7
SJAG_00190	B6JXP9
SJAG_01620	B6JYF8
SJAG_02510	B6K2P4
SJAG_03256	B6K3R5
SJAG_00782	B6JWK5
SJAG_04424	B6K6T5
SJAG_00360	B6JVF2
SJAG_03694	B6K4X9
SJAG_03650	B6K4T7
SJAG_00480	B6JVR4
SJAG_03761	B6K2W2
SJAG_01827	B6JZ05
SJAG_00343	B6JVD6
SJAG_06560	T0T6F9
SJAG_00669	B6JW96
SJAG_05252	B6JZL2
SJAG_02330	B6K264
SJAG_04726	B6K7L2
SJAG_02704	B6K0Y6
SJAG_06253	T0TB38
SJAG_01199	B6K010
SJAG_02619	B6K0R0
SJAG_02677	B6K0W0
SJAG_00781	B6JWK4
SJAG_00837	B6JWQ9
SJAG_04007	B6K5N1
SJAG_00719	B6JWE3
SJAG_02043	B6JZK3
SJAG_04622	B6K7B4
SJAG_03646	B6K4T3
SJAG_04412	B6K6S4
SJAG_02006	B6JZG7
SJAG_03356	B6K409
SJAG_00808	B6JWN0
SJAG_03028	B6K346
SJAG_03780	B6K513
SJAG_04186	B6K658
SJAG_04626	B6K7B8
SJAG_02800	B6K177
SJAG_01224	B6K035
SJAG_01769	B6JYU9
SJAG_04712	B6K7J8
SJAG_02814	B6K192
SJAG_00511	B6JVU5
SJAG_02379	B6K2B1
SJAG_02164	B6K1Q3
SJAG_04122	B6K5Z7
SJAG_00518	B6JVV2
SJAG_02652	B6K0T7
SJAG_04492	B6K6Z1
SJAG_00580	B6JW13
SJAG_03293	B6K3V2
SJAG_00605	B6JW37
SJAG_01941	B6JZB2
SJAG_03946	B6K5H1
SJAG_02021	B6JZI1
SJAG_04148	B6K619
SJAG_02700	B6K0Y2
SJAG_01623	B6JYG1
SJAG_01285	B6K093
SJAG_01857	B6JZ33
SJAG_02072	B6JZN0
SJAG_00280	B6JV75
SJAG_03250	B6K3Q9
SJAG_04613	B6K7A4
SJAG_01255	B6K066
SJAG_03548	B6K4I7
SJAG_01932	B6JZA4
SJAG_00713	B6JWD8
SJAG_05201	B6JWQ0
SJAG_03589	B6K4M7
SJAG_03052	B6K370
SJAG_02067	B6JZM4
SJAG_02078	B6JZN6
SJAG_00877	B6JWV2
SJAG_03081	B6K398
SJAG_02780	B6K158
SJAG_04632	B6K7C4
SJAG_02789	B6K165
SJAG_01421	B6JXV8
SJAG_00880	B6JWV5
SJAG_03428	B6K475
SJAG_04988	B6K8B1
SJAG_01469	B6JY09
SJAG_03313	B6K3W9
SJAG_03976	B6K5K2
SJAG_01452	B6JXZ2
SJAG_02122	B6K1L1
SJAG_04899	B6K823
SJAG_03636	B6K4S4
SJAG_03136	B6K3F2
SJAG_00438	B6JVM3
SJAG_04910	B6K834
SJAG_00483	B6JVR7
SJAG_01999	B6JZG1
SJAG_03962	B6K5I8
SJAG_03596	B6K4N4
SJAG_00584	B6JW17
SJAG_00567	B6JW01
SJAG_01111	B6JZS1
SJAG_00120	B6JXI1
SJAG_02395	B6K2C7
SJAG_02145	B6K1N4
SJAG_04673	B6K7G3
SJAG_01903	B6JZ77
SJAG_04929	B6K852
SJAG_02927	B6K1J8
SJAG_00448	B6JVN3
SJAG_01184	B6JZZ5
SJAG_00211	B6JV11
SJAG_03235	B6K3P5
SJAG_02805	B6K182
SJAG_04720	B6K7K6
SJAG_00949	B6JX23
SJAG_02491	B6K2M4
SJAG_04798	B6K7T1
SJAG_04398	B6K6Q9
SJAG_04041	B6K5R5
SJAG_00801	B6JWM3
SJAG_01497	B6JY38
SJAG_02607	B6K0P9
SJAG_04983	B6K8A5
SJAG_02179	B6K1R7
SJAG_04239	B6K6B1
SJAG_02668	B6K0V3
SJAG_02370	B6K2A2
SJAG_04017	B6K5P1
SJAG_03284	B6K3U3
SJAG_06352	T0S336
SJAG_03155	B6K3H1
SJAG_04301	B6K6H0
SJAG_03278	B6K3T7
SJAG_00712	B6JWD7
SJAG_02056	B6JZL3
SJAG_00020	B6JUW0
SJAG_02701	B6K0Y3
SJAG_01213	B6K024
SJAG_03926	B6K5F1
SJAG_02041	B6JZK1
SJAG_01415	B6JXV2
SJAG_01136	B6JZU6
SJAG_03402	B6K449
SJAG_03656	B6K4U3
SJAG_03113	B6K3C9
SJAG_03712	B6K4Z7
SJAG_03048	B6K366
SJAG_04756	B6K7N9
SJAG_04783	B6K7R7
SJAG_02979	B6K300
SJAG_00252	B6JV50
SJAG_03858	B6K589
SJAG_04533	B6K729
SJAG_03181	B6K3J5
SJAG_01475	B6JY17
SJAG_04913	B6K837
SJAG_04506	B6K704
SJAG_03364	B6K416
SJAG_01308	B6K0B4
SJAG_04710	B6K7J6
SJAG_02284	B6K220
SJAG_04194	B6K666
SJAG_01738	B6JYS0
SJAG_04592	B6K786
SJAG_00786	B6JWK9
SJAG_03754	B6K2V4
SJAG_02568	B6K0L2
SJAG_02572	B6K0L6
SJAG_02676	B6K0V9
SJAG_00513	B6JVU7
SJAG_00145	B6JXK3
SJAG_04904	B6K828
SJAG_02223	B6K1W0
SJAG_05314	B6K541
SJAG_03576	B6K4L4
SJAG_04483	B6K6Y3
SJAG_01836	B6JZ14
SJAG_01066	B6JXD8
SJAG_02114	B6K1K4
SJAG_03791	B6K525
SJAG_03476	B6K4C2
SJAG_00537	B6JVX1
SJAG_04378	B6K6P1
SJAG_03505	B6K4E9
SJAG_04355	B6K6M0
SJAG_02301	B6K237
SJAG_03627	B6K4R5
SJAG_00671	B6JW98
SJAG_01016	B6JX91
SJAG_04789	B6K7S3
SJAG_00148	B6JXK6
SJAG_01243	B6K055
SJAG_03479	B6K4C4
SJAG_00369	B6JVF9
SJAG_00059	B6JUT4
SJAG_02371	B6K2A3
SJAG_03303	B6K3W1
SJAG_02245	B6K1Y3
SJAG_03371	B6K423
SJAG_04891	B6K815
SJAG_04935	B6K859
SJAG_00731	B6JWF5
SJAG_06611	T0S145
SJAG_03349	B6K402
SJAG_00070	B6JUX1
SJAG_03663	B6K4U9
SJAG_04158	B6K629
SJAG_01453	B6JXZ3
SJAG_02664	B6K0U9
SJAG_03590	B6K4M8
SJAG_06269	T0RSW7
SJAG_03283	B6K3U2
SJAG_04051	B6K5S5
SJAG_00991	B6JX63
SJAG_01939	B6JZB0
SJAG_05347	B6K858
SJAG_04689	B6K7H7
SJAG_01508	B6JY49
SJAG_03158	B6K3H4
SJAG_02729	B6K111
SJAG_03527	B6K4G7
SJAG_04407	B6K6R9
SJAG_03865	B6K596
SJAG_04590	B6K784
SJAG_01008	B6JX83
SJAG_03565	B6K4K3
SJAG_03226	B6K3N6
SJAG_03112	B6K3C8
SJAG_03099	B6K3B5
SJAG_03840	B6K571
SJAG_01149	B6JZW0
SJAG_01708	B6JYP3
SJAG_04428	B6K6T9
SJAG_04271	B6K6E1
SJAG_00051	B6JUS6
SJAG_01055	B6JXC8
SJAG_01386	B6JXS5
SJAG_05204	B6JWR5
SJAG_02532	B6K2R6
SJAG_00816	B6JWN9
SJAG_04658	B6K7E9
SJAG_01391	B6JXT0
SJAG_02367	B6K299
SJAG_00836	B6JWQ7
SJAG_04681	B6K7H0
SJAG_04805	B6K7T5
SJAG_03072	B6K390
SJAG_01090	B6JXG3
SJAG_03585	B6K4M3
SJAG_05194	B6JVY4
SJAG_04509	B6K707
SJAG_05337	B6K7J4
SJAG_01067	B6JXD9
SJAG_02160	B6K1P9
SJAG_03493	B6K4D7
SJAG_02768	B6K146
SJAG_05290	B6K3A0
SJAG_00611	B6JW42
SJAG_02199	B6K1T7
SJAG_04597	B6K790
SJAG_04742	B6K7M6
SJAG_01504	B6JY45
SJAG_03567	B6K4K4
SJAG_03485	B6K4C9
SJAG_04016	B6K5P0
SJAG_04762	B6K7P5
SJAG_03844	B6K575
SJAG_02714	B6K0Z6
SJAG_04036	B6K5R1
SJAG_00410	B6JVJ7
SJAG_04427	B6K6T8
SJAG_06284	T0TB37
SJAG_01263	B6K072
SJAG_02254	B6K1Z2
SJAG_04068	B6K5U2
SJAG_03835	B6K566
SJAG_04838	B6K7W4
SJAG_03233	B6K3P3
SJAG_02534	B6K2R8
SJAG_03809	B6K543
SJAG_00838	B6JWR0
SJAG_01158	B6JZX0
SJAG_02495	B6K2M8
SJAG_05206	B6JWS2
SJAG_02731	B6K113
SJAG_00108	B6JXG9
SJAG_00707	B6JWD3
SJAG_00491	B6JVS5
SJAG_00186	B6JXP5
SJAG_05196	B6JW38
SJAG_04878	B6K802
SJAG_04491	B6K6Z0
SJAG_03259	B6K3R8
SJAG_00946	B6JX20
SJAG_00556	B6JVZ1
SJAG_05029	B6K8F0
SJAG_01782	B6JYW1
SJAG_06634	T0S307
SJAG_01925	B6JZ98
SJAG_03816	B6K550
SJAG_03626	B6K4R4
SJAG_00664	B6JW92
SJAG_00206	B6JV06
SJAG_00065	B6JUW6
SJAG_05267	B6K2K0
SJAG_02509	B6K2P3
SJAG_04582	B6K777
SJAG_02150	B6K1N9
SJAG_00617	B6JW48
SJAG_02241	B6K1X9
SJAG_00819	B6JWP1
SJAG_04411	B6K6S3
SJAG_04231	B6K6A3
SJAG_04237	B6K6A9
SJAG_00840	B6JWR2
SJAG_02240	B6K1X8
SJAG_04245	B6K6B7
SJAG_01227	B6K039
SJAG_02982	B6K303
SJAG_00599	B6JW30
SJAG_01594	B6JYD4
SJAG_01911	B6JZ85
SJAG_04768	B6K7Q2
SJAG_01645	B6JYI4
SJAG_02770	B6K148
SJAG_04662	B6K7F3
SJAG_04600	B6K793
SJAG_01705	B6JYP0
SJAG_01696	B6JYN0
SJAG_05342	B6K7S8
SJAG_01822	B6JYZ9
SJAG_03492	B6K4D6
SJAG_00308	B6JVA1
SJAG_00769	B6JWJ3
SJAG_04287	B6K6F6
SJAG_04190	B6K662
SJAG_01198	B6K009
SJAG_00508	B6JVU2
SJAG_01180	B6JZZ1
SJAG_03067	B6K384
SJAG_01110	B6JZS0
SJAG_05329	B6K6I1
SJAG_03997	B6K5M1
SJAG_01662	B6JYK1
SJAG_04205	B6K677
SJAG_01789	B6JYW8
SJAG_05694	T0S0Z1
SJAG_00314	B6JVA7
SJAG_03649	B6K4T6
SJAG_02186	B6K1S4
SJAG_05319	B6K5P7
SJAG_02073	B6JZN1
SJAG_00309	B6JVA2
SJAG_05304	B6K4F6
SJAG_04422	B6K6T3
SJAG_03339	B6K3Z2
SJAG_04752	B6K7N5
SJAG_01293	B6K0A1
SJAG_04895	B6K819
SJAG_02745	B6K123
SJAG_03952	B6K5H8
SJAG_03674	B6K4W0
SJAG_05335	B6K797
SJAG_01443	B6JXY3
SJAG_03279	B6K3T8
SJAG_00156	B6JXL4
SJAG_01081	B6JXF4
SJAG_06135	T0RSU6
SJAG_02886	B6K1F8
SJAG_04581	B6K775
SJAG_01991	B6JZF3
SJAG_01824	B6JZ01
SJAG_16455	T0S321
SJAG_01164	B6JZX6
SJAG_00726	B6JWF0
SJAG_01190	B6K001
SJAG_03857	B6K588
SJAG_03607	B6K4P5
SJAG_01801	B6JYX9
SJAG_01987	B6JZE9
SJAG_00887	B6JWW2
SJAG_02283	B6K219
SJAG_03974	B6K5K0
SJAG_05693	T0S2Z6
SJAG_05246	B6JYX3
SJAG_02151	B6K1P0
SJAG_01557	B6JY96
SJAG_00330	B6JVC3
SJAG_04711	B6K7J7
SJAG_02282	B6K218
SJAG_01271	B6K079
SJAG_02641	B6K0S8
SJAG_03070	B6K388
SJAG_02438	B6K2G9
SJAG_05729	T0T6D4
SJAG_00534	B6JVW8
SJAG_04612	B6K7A3
SJAG_05030	B6K8F1
SJAG_04391	B6K6Q3
SJAG_03021	B6K340
SJAG_04778	B6K7R0
SJAG_06600	T0S122
SJAG_01964	B6JZD3
SJAG_02170	B6K1Q8
SJAG_04981	B6K8A3
SJAG_04786	B6K7S0
SJAG_04063	B6K5T7
SJAG_05354	B6K8G1
SJAG_04521	B6K718
SJAG_04550	B6K746
SJAG_05295	B6K3T2
SJAG_04797	B6K7T0
SJAG_02384	B6K2B6
SJAG_00598	B6JW29
SJAG_04620	B6K7B2
SJAG_03847	B6K578
SJAG_00212	B6JV12
SJAG_02643	B6K0S9
SJAG_06539	T0S329
SJAG_03617	B6K4Q5
SJAG_05181	B6JXL7
SJAG_01372	B6JXR1
SJAG_04627	B6K7B9
SJAG_03511	B6K4F5
SJAG_00742	B6JWG6
SJAG_00810	B6JWN2
SJAG_01618	B6JYF6
SJAG_02986	B6K307
SJAG_02334	B6K268
SJAG_04208	B6K680
SJAG_03431	B6K478
SJAG_00037	B6JUU3
SJAG_00730	B6JWF4
SJAG_04336	B6K6K1
SJAG_03685	B6K4X1
SJAG_05239	B6JY90
SJAG_00510	B6JVU4
SJAG_00683	B6JWA9
SJAG_01437	B6JXX5
SJAG_00641	B6JW71
SJAG_02681	B6K0W3
SJAG_01378	B6JXR7
SJAG_05025	B6K8E7
SJAG_02397	B6K2C9
SJAG_02621	B6K0R2
SJAG_03358	B6K411
SJAG_03794	B6K528
SJAG_01970	B6JZD6
SJAG_02850	B6K1C5
SJAG_01376	B6JXR5
SJAG_01909	B6JZ83
SJAG_04044	B6K5R8
SJAG_00696	B6JWC2
SJAG_03733	B6K2T5
SJAG_02698	B6K0Y0
SJAG_03867	B6K598
SJAG_02817	B6K194
SJAG_02342	B6K276
SJAG_04655	B6K7E6
SJAG_02536	B6K0I0
SJAG_00618	B6JW49
SJAG_00886	B6JWW1
SJAG_04751	B6K7N4
SJAG_04700	B6K7I8
SJAG_05343	B6K7U0
SJAG_04761	B6K7P4
SJAG_04167	B6K638
SJAG_01134	B6JZU4
SJAG_01056	B6JXC9
SJAG_01644	B6JYI3
SJAG_01363	B6K0H0
SJAG_00326	B6JVB9
SJAG_03836	B6K567
SJAG_01598	B6JYD8
SJAG_05153	B6K8G9
SJAG_00441	B6JVM6
SJAG_01157	B6JZW9
SJAG_01641	B6JYI0
SJAG_02022	B6JZI2
SJAG_03925	B6K5F0
SJAG_03689	B6K4X5
SJAG_02277	B6K213
SJAG_02736	B6K117
SJAG_03648	B6K4T5
SJAG_02264	B6K200
SJAG_02091	B6JZP8
SJAG_04580	B6K774
SJAG_04381	B6K6P4
SJAG_03944	B6K5G9
SJAG_01779	B6JYV8
SJAG_04367	B6K6N0
SJAG_00612	B6JW43
SJAG_04156	B6K627
SJAG_02133	B6K1M2
SJAG_03763	B6K2W4
SJAG_01668	B6JYK7
SJAG_02866	B6K1E0
SJAG_01963	B6JZD2
SJAG_05205	B6JWS1
SJAG_02213	B6K1V3
SJAG_04595	B6K788
SJAG_04942	B6K865
SJAG_03073	B6K391
SJAG_04105	B6K5X9
SJAG_03022	B6K341
SJAG_02575	B6K0L8
SJAG_04470	B6K6X0
SJAG_01254	B6K065
SJAG_01804	B6JYY1
SJAG_00501	B6JVT4
SJAG_03958	B6K5I4
SJAG_04175	B6K647
SJAG_04973	B6K893
SJAG_03945	B6K5H0
SJAG_06641	T0TAX6
SJAG_05336	B6K7A5
SJAG_00542	B6JVX7
SJAG_00487	B6JVS1
SJAG_00466	B6JVQ1
SJAG_03599	B6K4N7
SJAG_03731	B6K2T3
SJAG_04464	B6K6W4
SJAG_00845	B6JWR8
SJAG_02236	B6K1X3
SJAG_00451	B6JVN6
SJAG_03102	B6K3B8
SJAG_03219	B6K3M9
SJAG_04187	B6K659
SJAG_00638	B6JW68
SJAG_03841	B6K572
SJAG_01677	B6JYL6
SJAG_02915	B6K1I5
SJAG_03127	B6K3E3
SJAG_00413	B6JVK0
SJAG_00554	B6JVY9
SJAG_03688	B6K4X4
SJAG_02469	B6K2J8
SJAG_00557	B6JVZ2
SJAG_02755	B6K133
SJAG_03581	B6K4L9
SJAG_02515	B6K2P9
SJAG_01580	B6JYB9
SJAG_03066	B6K383
SJAG_02014	B6JZH4
SJAG_00961	B6JX34
SJAG_04195	B6K667
SJAG_02988	B6K309
SJAG_03216	B6K3M6
SJAG_00476	B6JVR1
SJAG_05032	B6K8F3
SJAG_05349	B6K894
SJAG_01481	B6JY23
SJAG_02610	B6K0Q2
SJAG_01137	B6JZU7
SJAG_03172	B6K3I7
SJAG_03270	B6K3S9
SJAG_01027	B6JXA3
SJAG_04835	B6K7W1
SJAG_00489	B6JVS3
SJAG_02299	B6K235
SJAG_01382	B6JXS1
SJAG_02522	B6K2Q6
SJAG_02494	B6K2M7
SJAG_03192	B6K3K3
SJAG_00347	B6JVD9
SJAG_04650	B6K7E1
SJAG_04765	B6K7P9
SJAG_02176	B6K1R4
SJAG_01316	B6K0C2
SJAG_04212	B6K684
SJAG_03579	B6K4L7
SJAG_01007	B6JX82
SJAG_04544	B6K740
SJAG_00855	B6JWS9
SJAG_04631	B6K7C3
SJAG_00639	B6JW69
SJAG_03644	B6K4T1
SJAG_01253	B6K064
SJAG_03461	B6K4A8
SJAG_04814	B6K7U2
SJAG_01781	B6JYW0
SJAG_04539	B6K736
SJAG_04642	B6K7D4
SJAG_02189	B6K1S7
SJAG_03215	B6K3M5
SJAG_01971	B6JZD7
SJAG_00571	B6JW04
SJAG_01734	B6JYR7
SJAG_00517	B6JVV1
SJAG_00391	B6JVI1
SJAG_01674	B6JYL3
SJAG_01085	B6JXF8
SJAG_02832	B6K1A7
SJAG_01340	B6K0E6
SJAG_00228	B6JV27
SJAG_05926	T0RSX7
SJAG_01660	B6JYJ9
SJAG_00298	B6JV91
SJAG_01951	B6JZC2
SJAG_04730	B6K7L4
SJAG_05244	B6JYN8
SJAG_01207	B6K018
SJAG_06109	T0S317
SJAG_00883	B6JWV8
SJAG_04404	B6K6R6
SJAG_02385	B6K2B7
SJAG_04130	B6K605
SJAG_03680	B6K4W6
SJAG_04106	B6K5Y0
SJAG_02782	B6K159
SJAG_02362	B6K295
SJAG_00439	B6JVM4
SJAG_00187	B6JXP6
SJAG_01054	B6JXC7
SJAG_02593	B6K0N5
SJAG_03500	B6K4E4
SJAG_05979	T0T6J8
SJAG_01212	B6K023
SJAG_06643	T0S2W5
SJAG_01843	B6JZ21
SJAG_01503	B6JY44
SJAG_00936	B6JX10
SJAG_02839	B6K1B4
SJAG_04818	B6K7U6
SJAG_06382	T0T6H0
SJAG_05190	B6JVV0
SJAG_03023	B6K342
SJAG_03445	B6K492
SJAG_03758	B6K2V9
SJAG_03168	B6K3I3
SJAG_01487	B6JY28
SJAG_02222	B6K1V9
SJAG_04719	B6K7K5
SJAG_01530	B6JY71
SJAG_04217	B6K689
SJAG_01154	B6JZW5
SJAG_03560	B6K4J8
SJAG_01014	B6JX89
SJAG_02563	B6K0K7
SJAG_03497	B6K4E1
SJAG_01431	B6JXW9
SJAG_04824	B6K7V2
SJAG_04147	B6K618
SJAG_04943	B6K866
SJAG_00811	B6JWN3
SJAG_01348	B6K0F4
SJAG_00183	B6JXP2
SJAG_03438	B6K485
SJAG_01855	B6JZ32
SJAG_04688	B6K7H6
SJAG_03350	B6K403
SJAG_00404	B6JVJ3
SJAG_04409	B6K6S1
SJAG_00794	B6JWL6
SJAG_04315	B6K6I2
SJAG_01309	B6K0B5
SJAG_03266	B6K3S5
SJAG_00306	B6JV99
SJAG_00717	B6JWE1
SJAG_04520	B6K717
SJAG_03977	B6K5K3
SJAG_04731	B6K7L5
SJAG_00799	B6JWM1
SJAG_03588	B6K4M6
SJAG_04322	B6K6I9
SJAG_01331	B6K0D8
SJAG_05560	T0S175
SJAG_04358	B6K6M2
SJAG_01173	B6JZY4
SJAG_02798	B6K175
SJAG_02551	B6K0J5
SJAG_04214	B6K686
SJAG_02855	B6K1D0
SJAG_00759	B6JWI4
SJAG_04505	B6K703
SJAG_00273	B6JV69
SJAG_01538	B6JY79
SJAG_04453	B6K6V3
SJAG_03122	B6K3D8
SJAG_04902	B6K826
SJAG_04882	B6K806
SJAG_03730	B6K2T2
SJAG_04850	B6K7X6
SJAG_00428	B6JVL4
SJAG_03379	B6K430
SJAG_00484	B6JVR8
SJAG_03149	B6K3G5
SJAG_02692	B6K0X4
SJAG_02518	B6K2Q2
SJAG_05840	T0T6E0
SJAG_01268	B6K076
SJAG_00667	B6JW94
SJAG_03401	B6K448
SJAG_03443	B6K490
SJAG_02558	B6K0K2
SJAG_04893	B6K817
SJAG_01861	B6JZ37
SJAG_02251	B6K1Y9
SJAG_00589	B6JW21
SJAG_03353	B6K406
SJAG_00552	B6JVY7
SJAG_04338	B6K6K3
SJAG_01542	B6JY83
SJAG_03154	B6K3H0
SJAG_01850	B6JZ27
SJAG_00215	B6JV15
SJAG_00317	B6JVB0
SJAG_03104	B6K3C0
SJAG_04028	B6K5Q3
SJAG_04967	B6K887
SJAG_04466	B6K6W6
SJAG_03030	B6K348
SJAG_04531	B6K727
SJAG_01272	B6K080
SJAG_01901	B6JZ76
SJAG_04840	B6K7W6
SJAG_04519	B6K716
SJAG_00311	B6JVA4
SJAG_02083	B6JZP1
SJAG_00320	B6JVB3
SJAG_00316	B6JVA9
SJAG_16459	T0TAZ1
SJAG_00395	B6JVI4
SJAG_00841	B6JWR3
SJAG_05256	B6K1N3
SJAG_02374	B6K2A6
SJAG_01529	B6JY70
SJAG_02017	B6JZH7
SJAG_06431	T0S0X8
SJAG_03573	B6K4L0
SJAG_03628	B6K4R6
SJAG_03458	B6K4A5
SJAG_03734	B6K2T7
SJAG_04252	B6K6C3
SJAG_03415	B6K462
SJAG_04126	B6K601
SJAG_02460	B6K2I9
SJAG_04468	B6K6W8
SJAG_02533	B6K2R7
SJAG_05012	B6K8D4
SJAG_02394	B6K2C6
SJAG_04362	B6K6M5
SJAG_03557	B6K4J6
SJAG_02948	B6K2X4
SJAG_02183	B6K1S1
SJAG_00981	B6JX53
SJAG_02583	B6K0M5
SJAG_01418	B6JXV5
SJAG_04962	B6K882
SJAG_03108	B6K3C4
SJAG_00251	B6JV49
SJAG_02546	B6K0J0
SJAG_03096	B6K3B2
SJAG_00856	B6JWT0
SJAG_02079	B6JZN7
SJAG_03889	B6K5B9
SJAG_03276	B6K3T5
SJAG_03451	B6K498
SJAG_01560	B6JY99
SJAG_03793	B6K527
SJAG_00262	B6JV60
SJAG_00254	B6JV52
SJAG_04382	B6K6P5
SJAG_03484	B6K4C8
SJAG_00546	B6JVY1
SJAG_00194	B6JXQ2
SJAG_05232	B6JXW1
SJAG_01280	B6K088
SJAG_01448	B6JXY8
SJAG_02862	B6K1D6
SJAG_00053	B6JUT0
SJAG_03812	B6K546
SJAG_05325	B6K607
SJAG_01772	B6JYV2
SJAG_02754	B6K132
SJAG_01096	B6JZR8
SJAG_03186	B6K3J9
SJAG_02549	B6K0J3
SJAG_00067	B6JUW8
SJAG_04744	B6K7M8
SJAG_01820	B6JYZ7
SJAG_06002	T0RSY3
SJAG_02187	B6K1S5
SJAG_01761	B6JYU1
SJAG_04191	B6K663
SJAG_03076	B6K393
SJAG_03227	B6K3N7
SJAG_02699	B6K0Y1
SJAG_02165	B6K1Q4
SJAG_00178	B6JXN8
SJAG_01890	B6JZ66
SJAG_02785	B6K162
SJAG_00366	B6JVF6
SJAG_04532	B6K728
SJAG_03955	B6K5I1
SJAG_00919	B6JWZ4
SJAG_02987	B6K308
SJAG_00596	B6JW27
SJAG_02329	B6K263
SJAG_04479	B6K6X9
SJAG_05200	B6JWN4
SJAG_00104	B6JXG5
SJAG_04829	B6K7V6
SJAG_03036	B6K354
SJAG_03077	B6K394
SJAG_03039	B6K357
SJAG_04161	B6K632
SJAG_01886	B6JZ62
SJAG_00780	B6JWK3
SJAG_02911	B6K1I1
SJAG_01126	B6JZT6
SJAG_04189	B6K661
SJAG_02258	B6K1Z5
SJAG_04905	B6K829
SJAG_02305	B6K241
SJAG_00115	B6JXH6
SJAG_01396	B6JXT4
SJAG_01403	B6JXT9
SJAG_03286	B6K3U5
SJAG_03640	B6K4S8
SJAG_04198	B6K670
SJAG_02294	B6K230
SJAG_04677	B6K7G6
SJAG_04096	B6K5X1
SJAG_04552	B6K748
SJAG_03031	B6K349
SJAG_04467	B6K6W7
SJAG_03892	B6K5C2
SJAG_02697	B6K0X9
SJAG_00627	B6JW57
SJAG_04734	B6K7L8
SJAG_01539	B6JY80
SJAG_03417	B6K464
SJAG_06425	T0RSV4
SJAG_02543	B6K0I7
SJAG_03063	B6K380
SJAG_00918	B6JWZ3
SJAG_04877	B6K801
SJAG_06618	T0T6D0
SJAG_01776	B6JYV5
SJAG_04397	B6K6Q8
SJAG_03074	B6K392
SJAG_04054	B6K5S8
SJAG_02232	B6K1W9
SJAG_00636	B6JW66
SJAG_00985	B6JX57
SJAG_00504	B6JVT8
SJAG_04739	B6K7M3
SJAG_01125	B6JZT5
SJAG_00185	B6JXP4
SJAG_00040	B6JUU7
SJAG_00165	B6JXM5
SJAG_01324	B6K0D1
SJAG_04288	B6K6F7
SJAG_02218	B6K1V8
SJAG_04165	B6K636
SJAG_00993	B6JX65
SJAG_02646	B6K0T2
SJAG_00969	B6JX42
SJAG_03985	B6K5L0
SJAG_02356	B6K289
SJAG_03898	B6K5C8
SJAG_04008	B6K5N2
SJAG_00307	B6JVA0
SJAG_00663	B6JW91
SJAG_04136	B6K610
SJAG_04020	B6K5P4
SJAG_04969	B6K889
SJAG_04310	B6K6H8
SJAG_04035	B6K5R0
SJAG_04472	B6K6X2
SJAG_02923	B6K1J3
SJAG_04587	B6K781
SJAG_03448	B6K495
SJAG_04862	B6K7Y9
SJAG_04901	B6K825
SJAG_01946	B6JZB7
SJAG_03882	B6K5B2
SJAG_03105	B6K3C1
SJAG_00071	B6JUX2
SJAG_01279	B6K087
SJAG_02620	B6K0R1
SJAG_04134	B6K608
SJAG_00807	B6JWM9
SJAG_03593	B6K4N1
SJAG_02587	B6K0M9
SJAG_01117	B6JZS8
SJAG_04033	B6K5Q8
SJAG_01216	B6K027
SJAG_00144	B6JXK2
SJAG_04715	B6K7K1
SJAG_02061	B6JZL8
SJAG_04327	B6K6J4
SJAG_00902	B6JWX7
SJAG_00381	B6JVH0
SJAG_01051	B6JXC4
SJAG_02196	B6K1T4
SJAG_05287	B6K331
SJAG_05296	B6K3T3
SJAG_01548	B6JY89
SJAG_03337	B6K3Z0
SJAG_01561	B6JYA0
SJAG_02813	B6K191
SJAG_05920	T0T6J2
SJAG_02238	B6K1X5
SJAG_03842	B6K573
SJAG_03441	B6K488
SJAG_06588	T0S361
SJAG_00660	B6JW88
SJAG_03332	B6K3Y5
SJAG_06576	T0RSX3
SJAG_02322	B6K257
SJAG_04116	B6K5Z0
SJAG_01607	B6JYE6
SJAG_00093	B6JUZ4
SJAG_06596	T0S184
SJAG_01024	B6JXA0
SJAG_04918	B6K842
SJAG_05223	B6K0A0
SJAG_05292	B6K3K5
SJAG_01754	B6JYT5
SJAG_04224	B6K697
SJAG_03167	B6K3I2
SJAG_02695	B6K0X7
SJAG_03595	B6K4N3
SJAG_03760	B6K2W1
SJAG_04317	B6K6I4
SJAG_01360	B6K0G7
SJAG_04623	B6K7B5
SJAG_00315	B6JVA8
SJAG_04990	B6K8B3
SJAG_02763	B6K141
SJAG_01321	B6K0C7
SJAG_03654	B6K4U1
SJAG_02278	B6K214
SJAG_03586	B6K4M4
SJAG_01952	B6JZC3
SJAG_03123	B6K3D9
SJAG_02950	B6K2X6
SJAG_03679	B6K4W5
SJAG_04599	B6K792
SJAG_04847	B6K7X3
SJAG_00287	B6JV81
SJAG_00440	B6JVM5
SJAG_02724	B6K106
SJAG_03886	B6K5B6
SJAG_00896	B6JWX1
SJAG_02589	B6K0N1
SJAG_02313	B6K248
SJAG_02502	B6K2N5
SJAG_03664	B6K4V0
SJAG_04019	B6K5P3
SJAG_00498	B6JVT0
SJAG_01581	B6JYC0
SJAG_04098	B6K5X3
SJAG_05161	B6K8H4
SJAG_03491	B6K4D5
SJAG_01429	B6JXW7
SJAG_03956	B6K5I2
SJAG_05228	B6K0F6
SJAG_01651	B6JYJ0
SJAG_00521	B6JVV4
SJAG_02600	B6K0P2
SJAG_02392	B6K2C4
SJAG_01044	B6JXB7
SJAG_01490	B6JY31
SJAG_04641	B6K7D3
SJAG_04503	B6K702
SJAG_03421	B6K468
SJAG_01578	B6JYB7
SJAG_04112	B6K5Y6
SJAG_02598	B6K0P0
SJAG_03357	B6K410
SJAG_04900	B6K824
SJAG_01043	B6JXB6
SJAG_02548	B6K0J2
SJAG_03336	B6K3Y9
SJAG_03950	B6K5H6
SJAG_03006	B6K324
SJAG_00149	B6JXK7
SJAG_02117	B6K1K6
SJAG_03049	B6K367
SJAG_00328	B6JVC1
SJAG_01965	B6JZD4
SJAG_02924	B6K1J5
SJAG_00955	B6JX28
SJAG_03321	B6K3X5
SJAG_02030	B6JZJ0
SJAG_02809	B6K187
SJAG_06212	T0RSU8
SJAG_04621	B6K7B3
SJAG_04996	B6K8B9
SJAG_06392	T0S140
SJAG_00168	B6JXM8
SJAG_03845	B6K576
SJAG_04964	B6K884
SJAG_04340	B6K6K5
SJAG_02177	B6K1R5
SJAG_04540	B6K737
SJAG_05573	T0T6D1
SJAG_00057	B6JUT2
SJAG_03153	B6K3G9
SJAG_01446	B6JXY6
SJAG_05294	B6K3R9
SJAG_00105	B6JXG6
SJAG_01210	B6K021
SJAG_02354	B6K287
SJAG_01352	B6K0F9
SJAG_05629	T0RSS5
SJAG_01095	B6JZR7
SJAG_03890	B6K5C0
SJAG_01573	B6JYB2
SJAG_04706	B6K7J3
SJAG_01957	B6JZC8
SJAG_03319	B6K3X3
SJAG_02902	B6K1H3
SJAG_01757	B6JYT8
SJAG_04359	B6K6M3
SJAG_02387	B6K2B9
SJAG_01323	B6K0C9
SJAG_04319	B6K6I6
SJAG_02344	B6K277
SJAG_03043	B6K361
SJAG_01808	B6JYY5
SJAG_04451	B6K6V1
SJAG_04528	B6K724
SJAG_00700	B6JWC6
SJAG_03051	B6K369
SJAG_01349	B6K0F5
SJAG_02796	B6K173
SJAG_02710	B6K0Z2
SJAG_03241	B6K3Q1
SJAG_04431	B6K6U2
SJAG_03062	B6K379
SJAG_04657	B6K7E8
SJAG_01915	B6JZ89
SJAG_00941	B6JX15
SJAG_00140	B6JXJ8
SJAG_04052	B6K5S6
SJAG_03432	B6K479
SJAG_04572	B6K766
SJAG_02015	B6JZH5
SJAG_00743	B6JWG7
SJAG_04586	B6K780
SJAG_00873	B6JWU8
SJAG_00086	B6JUY7
SJAG_04496	B6K6Z5
SJAG_00538	B6JVX3
SJAG_01990	B6JZF2
SJAG_03409	B6K456
SJAG_03658	B6K4U5
SJAG_02550	B6K0J4
SJAG_04011	B6K5N5
SJAG_02968	B6K2Z1
SJAG_02450	B6K2I0
SJAG_02711	B6K0Z3
SJAG_01171	B6JZY2
SJAG_02851	B6K1C6
SJAG_04298	B6K6G7
SJAG_02596	B6K0N8
SJAG_02747	B6K125
SJAG_01514	B6JY55
SJAG_02036	B6JZJ6
SJAG_06514	T0TAX9
SJAG_04306	B6K6H4
SJAG_00028	B6JUV7
SJAG_00865	B6JWU0
SJAG_03879	B6K5A9
SJAG_03915	B6K5E1
SJAG_02658	B6K0U3
SJAG_04834	B6K7W0
SJAG_05024	B6K8E6
SJAG_02050	B6JZL0
SJAG_01146	B6JZV6
SJAG_01579	B6JYB8
SJAG_06608	T0T6G5
SJAG_01346	B6K0F2
SJAG_03921	B6K5E6
SJAG_02248	B6K1Y6
SJAG_02149	B6K1N8
SJAG_03429	B6K476
SJAG_02373	B6K2A5
SJAG_03071	B6K389
SJAG_04430	B6K6U1
SJAG_00502	B6JVT5
SJAG_04849	B6K7X5
SJAG_04679	B6K7G8
SJAG_03454	B6K4A1
SJAG_00623	B6JW53
SJAG_03324	B6K3X8
SJAG_01723	B6JYQ8
SJAG_02003	B6JZG4
SJAG_02488	B6K2M1
SJAG_04659	B6K7F0
SJAG_02878	B6K1F3
SJAG_05009	B6K8D1
SJAG_02748	B6K126
SJAG_00561	B6JVZ6
SJAG_04672	B6K7G2
SJAG_02300	B6K236
SJAG_00079	B6JUY0
SJAG_00875	B6JWV0
SJAG_01373	B6JXR2
SJAG_02980	B6K301
SJAG_04815	B6K7U3
SJAG_04593	B6K787
SJAG_00767	B6JWJ1
SJAG_02790	B6K166
SJAG_01262	B6K071
SJAG_02279	B6K215
SJAG_05002	B6K8C4
SJAG_02400	B6K2D2
SJAG_02013	B6JZH3
SJAG_02124	B6K1L3
SJAG_02432	B6K2G3
SJAG_00030	B6JUT6
SJAG_04908	B6K832
SJAG_04074	B6K5U8
SJAG_05003	B6K8C5
SJAG_04547	B6K743
SJAG_04792	B6K7S6
SJAG_01073	B6JXE5
SJAG_02824	B6K1A0
SJAG_01142	B6JZV2
SJAG_00879	B6JWV4
SJAG_00751	B6JWH5
SJAG_02060	B6JZL7
SJAG_02357	B6K290
SJAG_03521	B6K4G1
SJAG_05222	B6K049
SJAG_04537	B6K734
SJAG_00271	B6JV67
SJAG_00233	B6JV32
SJAG_04725	B6K7L1
SJAG_03444	B6K491
SJAG_05637	T0S0Y6
SJAG_00603	B6JW35
SJAG_00253	B6JV51
SJAG_04864	B6K7Z1
SJAG_01468	B6JY08
SJAG_03100	B6K3B6
SJAG_02897	B6K1G8
SJAG_03277	B6K3T6
SJAG_00760	B6JWI5
SJAG_02870	B6K1E4
SJAG_01624	B6JYG2
SJAG_02997	B6K318
SJAG_02569	B6K0L3
SJAG_05031	B6K8F2
SJAG_02346	B6K279
SJAG_03932	B6K5F7
SJAG_04809	B6K7T8
SJAG_00544	B6JVX9
SJAG_03133	B6K3E9
SJAG_05253	B6JZM6
SJAG_02065	B6JZM2
SJAG_00982	B6JX54
SJAG_00988	B6JX60
SJAG_04921	B6K845
SJAG_04021	B6K5P5
SJAG_00184	B6JXP3
SJAG_00500	B6JVT3
SJAG_00195	B6JXQ3
SJAG_00525	B6JVV8
SJAG_04839	B6K7W5
SJAG_04232	B6K6A4
SJAG_04668	B6K7F8
SJAG_04974	B6K895
SJAG_00734	B6JWF8
SJAG_01377	B6JXR6
SJAG_00075	B6JUX7
SJAG_02401	B6K2D3
SJAG_00514	B6JVU8
SJAG_04394	B6K6Q5
SJAG_03488	B6K4D2
SJAG_02200	B6K1T8
SJAG_04151	B6K622
SJAG_04501	B6K700
SJAG_03399	B6K446
SJAG_03935	B6K5G0
SJAG_02588	B6K0N0
SJAG_01656	B6JYJ5
SJAG_01022	B6JX97
SJAG_04875	B6K800
SJAG_01823	B6JZ00
SJAG_03549	B6K4I8
SJAG_00199	B6JXQ7
SJAG_04709	B6K7J5
SJAG_02178	B6K1R6
SJAG_02799	B6K176
SJAG_01381	B6JXS0
SJAG_01531	B6JY72
SJAG_00191	B6JXQ0
SJAG_01329	B6K0D6
SJAG_00533	B6JVW7
SJAG_01912	B6JZ86
SJAG_02786	B6K163
SJAG_01220	B6K031
SJAG_02388	B6K2C0
SJAG_03080	B6K397
SJAG_01866	B6JZ42
SJAG_00333	B6JVC6
SJAG_02000	B6JZG2
SJAG_05746	T0T6D5
SJAG_02612	B6K0Q4
SJAG_00349	B6JVE1
SJAG_01883	B6JZ59
SJAG_03117	B6K3D3
SJAG_01694	B6JYM8
SJAG_03900	B6K5D0
SJAG_04450	B6K6V0
SJAG_03456	B6K4A3
SJAG_03145	B6K3G1
SJAG_01018	B6JX93
SJAG_05219	B6JZW7
SJAG_05312	B6K515
SJAG_01091	B6JZR5
SJAG_04781	B6K7R4
SJAG_01527	B6JY68
SJAG_04610	B6K7A1
SJAG_01540	B6JY81
SJAG_01860	B6JZ36
SJAG_02422	B6K2F4
SJAG_03583	B6K4M1
SJAG_03739	B6K2U1
SJAG_00068	B6JUW9
SJAG_01138	B6JZU8
SJAG_03702	B6K4Y7
SJAG_05225	B6K0C6
SJAG_00706	B6JWD2
SJAG_00289	B6JV83
SJAG_00870	B6JWU5
SJAG_04408	B6K6S0
SJAG_00689	B6JWB5
SJAG_00261	B6JV59
SJAG_04181	B6K653
SJAG_00018	B6JUV5
SJAG_02244	B6K1Y2
SJAG_00137	B6JXJ5
SJAG_04113	B6K5Y7
SJAG_04118	B6K5Z2
SJAG_01905	B6JZ79
SJAG_03016	B6K335
SJAG_04577	B6K771
SJAG_04647	B6K7D8
SJAG_00341	B6JVD4
SJAG_01831	B6JZ09
SJAG_04268	B6K6D8
SJAG_00114	B6JXH5
SJAG_03273	B6K3T1
SJAG_02465	B6K2J4
SJAG_00238	B6JV37
SJAG_00161	B6JXM1
SJAG_03949	B6K5H5
SJAG_00166	B6JXM6
SJAG_05197	B6JW39
SJAG_03412	B6K459
SJAG_04699	B6K7I7
SJAG_04591	B6K785
SJAG_02229	B6K1W6
SJAG_02490	B6K2M3
SJAG_01296	B6K0A3
SJAG_02064	B6JZM1
SJAG_03334	B6K3Y7
SJAG_01084	B6JXF7
SJAG_01606	B6JYE5
SJAG_01639	B6JYH8
SJAG_02792	B6K168
SJAG_00188	B6JXP7
SJAG_00259	B6JV57
SJAG_03772	B6K505
SJAG_01284	B6K092
SJAG_00529	B6JVW2
SJAG_01989	B6JZF1
SJAG_04164	B6K635
SJAG_00894	B6JWW9
SJAG_02201	B6K1T9
SJAG_03876	B6K5A6
SJAG_05004	B6K8C6
SJAG_00911	B6JWY6
SJAG_02075	B6JZN3
SJAG_00891	B6JWW6
SJAG_05414	T0RSZ8
SJAG_05345	B6K7Y1
SJAG_04390	B6K6Q2
SJAG_00550	B6JVY5
SJAG_03142	B6K3F8
SJAG_03487	B6K4D1
SJAG_00244	B6JV42
SJAG_05533	T0RSZ4
SJAG_02234	B6K1X1
SJAG_00294	B6JV87
SJAG_01839	B6JZ17
SJAG_00419	B6JVK5
SJAG_00862	B6JWT7
SJAG_05413	T0S364
SJAG_00762	B6JWI6
SJAG_05185	B6JVH4
SJAG_03469	B6K4B5
SJAG_00755	B6JWI0
SJAG_04418	B6K6S9
SJAG_03103	B6K3B9
SJAG_03471	B6K4B7
SJAG_01135	B6JZU5
SJAG_02913	B6K1I3
SJAG_06627	T0RSS8
SJAG_03547	B6K4I6
SJAG_01049	B6JXC2
SJAG_02531	B6K2R5
SJAG_01462	B6JY02
SJAG_02355	B6K288
SJAG_03728	B6K2T0
SJAG_04185	B6K657
SJAG_00356	B6JVE8
SJAG_01821	B6JYZ8
SJAG_02976	B6K2Z7
SJAG_03998	B6K5M2
SJAG_03037	B6K355
SJAG_03398	B6K445
SJAG_03621	B6K4Q9
SJAG_00923	B6JWZ8
SJAG_00915	B6JWZ0
SJAG_01590	B6JYD0
SJAG_00101	B6JV02
SJAG_02413	B6K2E5
SJAG_03189	B6K3K1
SJAG_01011	B6JX86
SJAG_00367	B6JVF7
SJAG_01844	B6JZ22
SJAG_02917	B6K1I7
SJAG_03209	B6K3L9
SJAG_04828	B6K7V5
SJAG_00753	B6JWH7
SJAG_02349	B6K282
SJAG_01798	B6JYX6
SJAG_00658	B6JW86
SJAG_00562	B6JVZ7
SJAG_01003	B6JX76
SJAG_01082	B6JXF5
SJAG_01609	B6JYE8
SJAG_02517	B6K2Q1
SJAG_02368	B6K2A0
SJAG_02457	B6K2I6
SJAG_03351	B6K404
SJAG_00072	B6JUX3
SJAG_06598	T0S312
SJAG_04462	B6K6W2
SJAG_05001	B6K8C3
SJAG_01033	B6JXA9
SJAG_01586	B6JYC6
SJAG_00032	B6JUT8
SJAG_02094	B6JZQ0
SJAG_01937	B6JZA8
SJAG_01163	B6JZX5
SJAG_00323	B6JVB6
SJAG_00711	B6JWD6
SJAG_01724	B6JYQ9
SJAG_04569	B6K763
SJAG_04176	B6K648
SJAG_04938	B6K862
SJAG_00741	B6JWG5
SJAG_02629	B6K0S0
SJAG_05297	B6K3Z6
SJAG_02797	B6K174
SJAG_05277	B6K169
SJAG_01690	B6JYM5
SJAG_01954	B6JZC5
SJAG_01380	B6JXR9
SJAG_05679	T0T6D3
SJAG_00429	B6JVL5
SJAG_02996	B6K317
SJAG_02877	B6K1F2
SJAG_04515	B6K712
SJAG_02735	B6K116
SJAG_00649	B6JW78
SJAG_03193	B6K3K4
SJAG_01935	B6JZA6
SJAG_04716	B6K7K2
SJAG_02718	B6K100
SJAG_02539	B6K0I3
SJAG_04143	B6K614
SJAG_04307	B6K6H5
SJAG_00359	B6JVF1
SJAG_03558	B6K4J7
SJAG_02263	B6K1Z9
SJAG_04159	B6K630
SJAG_03089	B6K3A5
SJAG_04780	B6K7R3
SJAG_04203	B6K675
SJAG_03024	B6K343
SJAG_02740	B6K120
SJAG_02084	B6JZP2
SJAG_01088	B6JXG1
SJAG_01420	B6JXV7
SJAG_04458	B6K6V8
SJAG_00388	B6JVH8
SJAG_02584	B6K0M6
SJAG_05558	T0TB56
SJAG_01498	B6JY39
SJAG_02864	B6K1D8
SJAG_00255	B6JV53
SJAG_03018	B6K337
SJAG_01169	B6JZY1
SJAG_02671	B6K0V5
SJAG_01266	B6K074
SJAG_01113	B6JZS4
SJAG_02340	B6K274
SJAG_03442	B6K489
SJAG_03574	B6K4L2
SJAG_03280	B6K3T9
SJAG_02331	B6K265
SJAG_03263	B6K3S2
SJAG_02382	B6K2B4
SJAG_00701	B6JWC7
SJAG_00676	B6JWA3
SJAG_04085	B6K5V9
SJAG_02104	B6JZQ9
SJAG_00927	B6JX02
SJAG_04861	B6K7Y8
SJAG_04374	B6K6N7
SJAG_00102	B6JV03
SJAG_04329	B6K6J6
SJAG_03196	B6K3K6
SJAG_00978	B6JX50
SJAG_02433	B6K2G4
SJAG_00926	B6JX01
SJAG_02120	B6K1K9
SJAG_02474	B6K2K6
SJAG_03777	B6K510
SJAG_04456	B6K6V6
SJAG_04723	B6K7K9
SJAG_00435	B6JVM0
SJAG_02246	B6K1Y4
SJAG_05276	B6K0V4
SJAG_04256	B6K6C7
SJAG_02912	B6K1I2
SJAG_03564	B6K4K2
SJAG_03086	B6K3A2
SJAG_01436	B6JXX4
SJAG_01771	B6JYV1
SJAG_06013	T0S353
SJAG_02834	B6K1A9
SJAG_04822	B6K7V0
SJAG_04937	B6K861
SJAG_03008	B6K326
SJAG_03605	B6K4P3
SJAG_01160	B6JZX2
SJAG_00558	B6JVZ3
SJAG_02905	B6K1H6
SJAG_00423	B6JVK9
SJAG_02069	B6JZM7
SJAG_03354	B6K407
SJAG_04490	B6K6Y9
SJAG_00043	B6JUV0
SJAG_04573	B6K767
SJAG_02571	B6K0L5
SJAG_01192	B6K003
SJAG_00370	B6JVG0
SJAG_03735	B6K2T8
SJAG_02590	B6K0N2
SJAG_02142	B6K1N0
SJAG_00260	B6JV58
SJAG_03091	B6K3A7
SJAG_01786	B6JYW5
SJAG_04272	B6K6E2
SJAG_03246	B6K3Q5
SJAG_01167	B6JZX9
SJAG_04825	B6K7V3
SJAG_04507	B6K705
SJAG_03810	B6K544
SJAG_03653	B6K4U0
SJAG_02408	B6K2E1
SJAG_04046	B6K5S0
SJAG_01344	B6K0F0
SJAG_00778	B6JWK1
SJAG_03367	B6K419
SJAG_03218	B6K3M8
SJAG_02900	B6K1H1
SJAG_03178	B6K3J2
SJAG_01492	B6JY33
SJAG_02108	B6JZR3
SJAG_00301	B6JV94
SJAG_01743	B6JYS5
SJAG_03341	B6K3Z4
SJAG_03785	B6K519
SJAG_01247	B6K058
SJAG_03814	B6K548
SJAG_01495	B6JY36
SJAG_02994	B6K315
SJAG_04455	B6K6V5
SJAG_00357	B6JVE9
SJAG_01345	B6K0F1
SJAG_05309	B6K2V7
SJAG_04405	B6K6R7
SJAG_01710	B6JYP5
SJAG_03221	B6K3N1
SJAG_04384	B6K6P7
SJAG_04718	B6K7K4
SJAG_04066	B6K5U0
SJAG_02560	B6K0K4
SJAG_04111	B6K5Y5
SJAG_03132	B6K3E8
SJAG_00699	B6JWC5
SJAG_02470	B6K2K1
SJAG_03861	B6K592
SJAG_02099	B6JZQ4
SJAG_02876	B6K1F1
SJAG_01814	B6JYZ1
SJAG_04071	B6K5U5
SJAG_02214	B6K1V4
SJAG_01880	B6JZ56
SJAG_04684	B6K7H2
SJAG_04807	B6K7T6
SJAG_00765	B6JWI9
SJAG_05224	B6K0A2
SJAG_01385	B6JXS4
SJAG_04549	B6K745
SJAG_03526	B6K4G6
SJAG_05269	B6K2K9
SJAG_00823	B6JWP5
SJAG_06595	T0T6L6
SJAG_03198	B6K3K8
SJAG_04636	B6K7C8
SJAG_04345	B6K6L0
SJAG_00295	B6JV88
SJAG_00925	B6JX00
SJAG_01470	B6JY10
SJAG_03960	B6K5I6
SJAG_03939	B6K5G4
SJAG_00437	B6JVM2
SJAG_04047	B6K5S1
SJAG_00720	B6JWE4
SJAG_01466	B6JY06
SJAG_03789	B6K523
SJAG_00943	B6JX17
SJAG_01543	B6JY84
SJAG_01197	B6K008
SJAG_03396	B6K444
SJAG_01076	B6JXE8
SJAG_02545	B6K0I9
SJAG_04858	B6K7Y5
SJAG_04153	B6K624
SJAG_01601	B6JYE1
SJAG_04149	B6K620
SJAG_03802	B6K536
SJAG_00768	B6JWJ2
SJAG_03247	B6K3Q6
SJAG_03499	B6K4E3
SJAG_00475	B6JVR0
SJAG_03068	B6K386
SJAG_00045	B6JUU5
SJAG_03047	B6K365
SJAG_04038	B6K5R2
SJAG_01669	B6JYK8
SJAG_03773	B6K506
SJAG_03693	B6K4X8
SJAG_03678	B6K4W4
SJAG_00944	B6JX18
SJAG_02089	B6JZP7
SJAG_03631	B6K4R9
SJAG_02898	B6K1G9
SJAG_02503	B6K2N6
SJAG_00129	B6JXI8
SJAG_00143	B6JXK1
SJAG_01829	B6JZ07
SJAG_03217	B6K3M7
SJAG_01978	B6JZE2
SJAG_02486	B6K2L9
SJAG_01595	B6JYD5
SJAG_01246	B6K057
SJAG_01454	B6JXZ4
SJAG_00421	B6JVK7
SJAG_00864	B6JWT9
SJAG_01141	B6JZV1
SJAG_04295	B6K6G4
SJAG_00582	B6JW15
SJAG_00570	B6JW03
SJAG_03732	B6K2T4
SJAG_05033	B6K8F4
SJAG_04995	B6K8B8
SJAG_02428	B6K2F9
SJAG_03909	B6K5D6
SJAG_06631	T0RST1
SJAG_02431	B6K2G2
SJAG_03118	B6K3D4
SJAG_01517	B6JY58
SJAG_00662	B6JW90
SJAG_01516	B6JY57
SJAG_01759	B6JYT9
SJAG_00531	B6JVW5
SJAG_02899	B6K1H0
SJAG_01563	B6JYA2
SJAG_03790	B6K524
SJAG_03090	B6K3A6
SJAG_03262	B6K3S1
SJAG_02080	B6JZN8
SJAG_00757	B6JWI2
SJAG_04885	B6K809
SJAG_01643	B6JYI2
SJAG_04273	B6K6E3
SJAG_01165	B6JZX7
SJAG_01388	B6JXS7
SJAG_00858	B6JWT3
SJAG_02961	B6K2Y6
SJAG_06599	T0S109
SJAG_05320	B6K5W5
SJAG_00595	B6JW26
SJAG_04915	B6K839
SJAG_02093	B6JZP9
SJAG_00132	B6JXJ0
SJAG_02227	B6K1W4
SJAG_04571	B6K765
SJAG_04285	B6K6F3
SJAG_04553	B6K749
SJAG_04804	B6K7T4
SJAG_03625	B6K4R3
SJAG_01625	B6JYG3
SJAG_03330	B6K3Y3
SJAG_02613	B6K0Q5
SJAG_02315	B6K250
SJAG_03901	B6K5D1
SJAG_02443	B6K2H5
SJAG_04318	B6K6I5
SJAG_01828	B6JZ06
SJAG_03721	B6K2S3
SJAG_01228	B6K040
SJAG_02562	B6K0K6
SJAG_03509	B6K4F3
SJAG_03515	B6K4F7
SJAG_01716	B6JYQ1
SJAG_00380	B6JVG9
SJAG_00378	B6JVG7
SJAG_03587	B6K4M5
SJAG_03975	B6K5K1
SJAG_01699	B6JYN3
SJAG_03610	B6K4P8
SJAG_00499	B6JVT2
SJAG_03498	B6K4E2
SJAG_00460	B6JVP5
SJAG_02499	B6K2N2
SJAG_02193	B6K1T1
SJAG_00820	B6JWP2
SJAG_02540	B6K0I4
SJAG_01574	B6JYB3
SJAG_00207	B6JV07
SJAG_04664	B6K7F5
SJAG_02181	B6K1R9
SJAG_05175	B6JUS8
SJAG_03374	B6K425
SJAG_03562	B6K4K0
SJAG_03850	B6K581
SJAG_01949	B6JZC0
SJAG_02425	B6K2F6
SJAG_01252	B6K063
SJAG_00073	B6JUX4
SJAG_04524	B6K721
SJAG_02827	B6K1A2
SJAG_03408	B6K455
SJAG_04545	B6K741
SJAG_00661	B6JW89
SJAG_02998	B6K319
SJAG_03662	B6K4U8
SJAG_00327	B6JVC0
SJAG_00266	B6JV63
SJAG_00938	B6JX12
SJAG_02097	B6JZQ2
SJAG_04274	B6K6E4
SJAG_04884	B6K808
SJAG_02466	B6K2J5
SJAG_00924	B6JWZ9
SJAG_04246	B6K6B8
SJAG_03746	B6K2U6
SJAG_04296	B6K6G5
SJAG_00270	B6JV66
SJAG_04144	B6K615
SJAG_02597	B6K0N9
SJAG_00813	B6JWN6
SJAG_03302	B6K3W0
SJAG_02291	B6K227
SJAG_01502	B6JY43
SJAG_03703	B6K4Y8
SJAG_05358	T0S1F3
SJAG_01416	B6JXV3
SJAG_01038	B6JXB1
SJAG_03544	B6K4I3
SJAG_03920	B6K5E5
SJAG_02191	B6K1S9
SJAG_02237	B6K1X4
SJAG_02542	B6K0I6
SJAG_04236	B6K6A8
SJAG_03300	B6K3V8
SJAG_01120	B6JZT1
SJAG_04082	B6K5V6
SJAG_04666	B6K7F7
SJAG_02105	B6JZR0
SJAG_04373	B6K6N6
SJAG_00615	B6JW46
SJAG_04896	B6K820
SJAG_01145	B6JZV5
SJAG_03114	B6K3D0
SJAG_04341	B6K6K6
SJAG_01166	B6JZX8
SJAG_05268	B6K2K5
SJAG_04300	B6K6G9
SJAG_04530	B6K726
SJAG_01875	B6JZ51
SJAG_04380	B6K6P3
SJAG_04759	B6K7P2
SJAG_03141	B6K3F7
SJAG_02888	B6K1G0
SJAG_04211	B6K683
SJAG_01974	B6JZE0
SJAG_05230	B6JXU0
SJAG_05258	B6K1U4
SJAG_02306	B6K242
SJAG_03305	B6K3W3
SJAG_02288	B6K224
SJAG_03447	B6K494
SJAG_01795	B6JYX2
SJAG_04790	B6K7S4
SJAG_03057	B6K375
SJAG_00972	B6JX45
SJAG_05021	B6K8E3
SJAG_16458	T0T6I6
SJAG_02225	B6K1W2
SJAG_04830	B6K7V7
SJAG_04735	B6K7L9
SJAG_02505	B6K2N8
SJAG_01532	B6JY73
SJAG_03692	B6K4X7
SJAG_02951	B6K2X7
SJAG_04927	B6K850
SJAG_04155	B6K626
SJAG_04150	B6K621
SJAG_03629	B6K4R7
SJAG_01537	B6JY78
SJAG_03481	B6K4C5
SJAG_00076	B6JUX5
SJAG_03837	B6K568
SJAG_01642	B6JYI1
SJAG_01305	B6K0B1
SJAG_00256	B6JV54
SJAG_00111	B6JXH2
SJAG_04055	B6K5S9
SJAG_03832	B6K564
SJAG_02821	B6K197
SJAG_04754	B6K7N7
SJAG_16460	T0RSQ5
SJAG_05247	B6JYX4
SJAG_00342	B6JVD5
SJAG_03345	B6K3Z7
SJAG_00633	B6JW63
SJAG_00702	B6JWC8
SJAG_04608	B6K799
SJAG_01878	B6JZ54
SJAG_01899	B6JZ74
SJAG_01402	B6JXT8
SJAG_01589	B6JYC9
SJAG_00966	B6JX39
SJAG_04179	B6K651
SJAG_00958	B6JX31
SJAG_02026	B6JZI6
SJAG_03706	B6K4Z1
SJAG_06640	T0T6C5
SJAG_02192	B6K1T0
SJAG_01584	B6JYC3
SJAG_02926	B6K1J7
SJAG_05346	B6K849
SJAG_04429	B6K6U0
SJAG_04559	B6K754
SJAG_02035	B6JZJ5
SJAG_02493	B6K2M6
SJAG_03822	B6K555
SJAG_02492	B6K2M5
SJAG_03261	B6K3S0
SJAG_04748	B6K7N2
SJAG_04234	B6K6A6
SJAG_02307	B6K243
SJAG_01744	B6JYS6
SJAG_04536	B6K732
SJAG_00463	B6JVP8
SJAG_03128	B6K3E4
SJAG_00026	B6JUW4
SJAG_04686	B6K7H4
SJAG_04651	B6K7E2
SJAG_02654	B6K0T9
SJAG_04086	B6K5W0
SJAG_01777	B6JYV6
SJAG_00566	B6JW00
SJAG_03778	B6K511
SJAG_01536	B6JY77
SJAG_00182	B6JXP1
SJAG_03420	B6K467
SJAG_03459	B6K4A6
SJAG_01260	B6K069
SJAG_02203	B6K1U1
SJAG_04816	B6K7U4
SJAG_05106	B6K8G4
SJAG_03764	B6K2W5
SJAG_01826	B6JZ03
SJAG_00652	B6JW81
SJAG_01812	B6JYY9
SJAG_01071	B6JXE3
SJAG_00895	B6JWX0
SJAG_00795	B6JWL7
SJAG_01748	B6JYT0
SJAG_05348	B6K875
SJAG_04603	B6K796
SJAG_06038	T0T6K2
SJAG_03722	B6K2S4
SJAG_01810	B6JYY7
SJAG_01059	B6JXD2
SJAG_04843	B6K7W9
SJAG_00763	B6JWI7
SJAG_02146	B6K1N5
SJAG_03696	B6K4Y1
SJAG_05013	B6K8D5
SJAG_01513	B6JY54
SJAG_00869	B6JWU4
SJAG_01030	B6JXA6
SJAG_04475	B6K6X5
SJAG_04799	B6K7T2
SJAG_01012	B6JX87
SJAG_03338	B6K3Z1
SJAG_01649	B6JYI8
SJAG_05220	B6K005
SJAG_03137	B6K3F3
SJAG_03522	B6K4G2
SJAG_01704	B6JYN9
SJAG_00069	B6JUX0
SJAG_01717	B6JYQ2
SJAG_03668	B6K4V4
SJAG_00248	B6JV46
SJAG_00313	B6JVA6
SJAG_00509	B6JVU3
SJAG_01223	B6K034
SJAG_04538	B6K735
SJAG_05017	B6K8D9
SJAG_00226	B6JV26
SJAG_04058	B6K5T2
SJAG_04115	B6K5Y9
SJAG_04643	B6K7D5
SJAG_04982	B6K8A4
SJAG_00831	B6JWQ2
SJAG_03404	B6K451
SJAG_03285	B6K3U4
SJAG_00225	B6JV25
SJAG_01368	B6K0H5
SJAG_00462	B6JVP7
SJAG_02031	B6JZJ1
SJAG_02314	B6K249
SJAG_02753	B6K131
SJAG_04698	B6K7I6
SJAG_04560	B6K755
SJAG_01570	B6JYA9
SJAG_02760	B6K138
SJAG_04866	B6K7Z3
SJAG_02468	B6K2J7
SJAG_04511	B6K708
SJAG_03251	B6K3R0
SJAG_02426	B6K2F7
SJAG_02506	B6K2N9
SJAG_03705	B6K4Z0
SJAG_02810	B6K188
SJAG_00772	B6JWJ6
SJAG_03745	B6K2U5
SJAG_04375	B6K6N8
SJAG_01175	B6JZY6
SJAG_04634	B6K7C6
SJAG_01612	B6JYF1
SJAG_02267	B6K203
SJAG_01778	B6JYV7
SJAG_02037	B6JZJ7
SJAG_03147	B6K3G3
SJAG_02659	B6K0U4
SJAG_03038	B6K356
SJAG_03938	B6K5G3
SJAG_03616	B6K4Q4
SJAG_02858	B6K1D3
SJAG_03272	B6K3T0
SJAG_00364	B6JVF4
SJAG_03991	B6K5L5
SJAG_04348	B6K6L3
SJAG_02778	B6K156
SJAG_03918	B6K5E3
SJAG_03855	B6K586
SJAG_02691	B6K0X3
SJAG_04873	B6K7Z8
SJAG_00279	B6JV74
SJAG_04499	B6K6Z8
SJAG_03298	B6K3V6
SJAG_02172	B6K1R0
SJAG_02440	B6K2H1
SJAG_00035	B6JUU1
SJAG_01702	B6JYN5
SJAG_04200	B6K672
SJAG_01760	B6JYU0
SJAG_01853	B6JZ30
SJAG_02744	B6K122
SJAG_05266	B6K2J9
SJAG_01236	B6K048
SJAG_02009	B6JZG9
SJAG_00932	B6JX06
SJAG_00986	B6JX58
SJAG_03750	B6K2V0
SJAG_00377	B6JVG6
SJAG_00738	B6JWG2
SJAG_00619	B6JW50
SJAG_03665	B6K4V1
SJAG_00890	B6JWW5
SJAG_04229	B6K6A1
SJAG_01039	B6JXB2
SJAG_01818	B6JYZ5
SJAG_04601	B6K794
SJAG_00290	B6JV84
SJAG_04755	B6K7N8
SJAG_00331	B6JVC4
SJAG_01261	B6K070
SJAG_00447	B6JVN2
SJAG_00979	B6JX51
SJAG_04461	B6K6W1
SJAG_00995	B6JX67
SJAG_00783	B6JWK6
SJAG_00402	B6JVJ1
SJAG_04206	B6K678
SJAG_03887	B6K5B7
SJAG_05372	T0S376
SJAG_00332	B6JVC5
SJAG_02623	B6K0R4
SJAG_00155	B6JXL3
SJAG_01277	B6K085
SJAG_00158	B6JXL8
SJAG_01332	B6K0D9
SJAG_05257	B6K1P6
SJAG_01339	B6K0E5
SJAG_01629	B6JYG7
SJAG_02720	B6K102
SJAG_02375	B6K2A7
SJAG_02303	B6K239
SJAG_02126	B6K1L5
SJAG_03255	B6K3R4
SJAG_04258	B6K6C9
SJAG_03501	B6K4E5
SJAG_00609	B6JW40
SJAG_00984	B6JX56
SJAG_04859	B6K7Y6
SJAG_03464	B6K4B0
SJAG_00218	B6JV18
SJAG_01193	B6K004
SJAG_02775	B6K153
SJAG_03139	B6K3F5
SJAG_00587	B6JW20
SJAG_06603	T0S324
SJAG_03050	B6K368
SJAG_04924	B6K848
SJAG_00789	B6JWL2
SJAG_01524	B6JY65
SJAG_04284	B6K6F2
SJAG_02529	B6K2R3
SJAG_01622	B6JYG0
SJAG_01864	B6JZ40
SJAG_00121	B6JXI2
SJAG_03675	B6K4W1
SJAG_02616	B6K0Q7
SJAG_04724	B6K7L0
SJAG_04436	B6K6U7
SJAG_00994	B6JX66
SJAG_03591	B6K4M9
SJAG_04546	B6K742
SJAG_03871	B6K5A1
SJAG_00622	B6JW52
SJAG_01525	B6JY66
SJAG_03502	B6K4E6
SJAG_01788	B6JYW7
SJAG_01664	B6JYK3
SJAG_00771	B6JWJ5
SJAG_03529	B6K4G9
SJAG_03135	B6K3F1
SJAG_02966	B6K2Y9
SJAG_03087	B6K3A3
SJAG_03503	B6K4E7
SJAG_06612	T0TB34
SJAG_01047	B6JXC0
SJAG_03375	B6K426
SJAG_01335	B6K0E1
SJAG_00142	B6JXK0
SJAG_01336	B6K0E2
SJAG_03200	B6K3L1
SJAG_03765	B6K502
SJAG_05404	T0TB64
SJAG_03883	B6K5B3
SJAG_01121	B6JZT2
SJAG_03138	B6K3F4
SJAG_02811	B6K189
SJAG_03085	B6K3A1
SJAG_03659	B6K4U6
SJAG_05005	B6K8C7
SJAG_03959	B6K5I5
SJAG_02508	B6K2P2
SJAG_04297	B6K6G6
SJAG_00650	B6JW79
SJAG_04868	B6K7Z5
SJAG_02416	B6K2E8
SJAG_02815	B6K193
SJAG_03884	B6K5B4
SJAG_03866	B6K597
SJAG_00154	B6JXL2
SJAG_00249	B6JV47
SJAG_05229	B6JXT2
SJAG_00715	B6JWE0
SJAG_00889	B6JWW4
SJAG_00812	B6JWN5
SJAG_01869	B6JZ45
SJAG_00601	B6JW32
SJAG_02406	B6K2D8
SJAG_04339	B6K6K4
SJAG_01401	B6JXT7
SJAG_04992	B6K8B5
SJAG_03465	B6K4B1
SJAG_03342	B6K3Z5
SJAG_03818	B6K552
SJAG_05351	B6K8A8
SJAG_02085	B6JZP3
SJAG_00629	B6JW59
SJAG_03248	B6K3Q7
SJAG_05189	B6JVT7
SJAG_03046	B6K364
SJAG_01975	B6JZE1
SJAG_03106	B6K3C2
SJAG_00970	B6JX43
SJAG_04178	B6K650
SJAG_06420	T0S333
SJAG_02696	B6K0X8
SJAG_02311	B6K246
SJAG_04694	B6K7I2
SJAG_03749	B6K2U9
SJAG_01473	B6JY14
SJAG_03430	B6K477
SJAG_05255	B6K1L9
SJAG_05198	B6JW77
SJAG_00095	B6JUZ6
SJAG_03140	B6K3F6
SJAG_04801	B6K7T3
SJAG_02608	B6K0Q0
SJAG_02921	B6K1J1
SJAG_02020	B6JZI0
SJAG_02116	B6K1K5
SJAG_02195	B6K1T3
SJAG_02581	B6K0M3
SJAG_04624	B6K7B6
SJAG_03597	B6K4N5
SJAG_01572	B6JYB1
SJAG_04940	B6K864
SJAG_01459	B6JXZ9
SJAG_03035	B6K353
SJAG_04079	B6K5V3
SJAG_03326	B6K3Y0
SJAG_00324	B6JVB7
SJAG_06097	T0RSU3
SJAG_00785	B6JWK8
SJAG_03185	B6K3J8
SJAG_04223	B6K696
SJAG_00885	B6JWW0
SJAG_03885	B6K5B5
SJAG_05303	B6K4C3
SJAG_01434	B6JXX2
SJAG_01709	B6JYP4
SJAG_00989	B6JX61
SJAG_05302	B6K4C1
SJAG_00914	B6JWY9
SJAG_00418	B6JVK4
SJAG_04833	B6K7V9
SJAG_03888	B6K5B8
SJAG_01640	B6JYH9
SJAG_03928	B6K5F3
SJAG_03933	B6K5F8
SJAG_04871	B6K7Z7
SJAG_04788	B6K7S2
SJAG_04894	B6K818
SJAG_02703	B6K0Y5
SJAG_02121	B6K1L0
SJAG_06613	T0T6H6
SJAG_02978	B6K2Z9
SJAG_00592	B6JW23
SJAG_02265	B6K201
SJAG_03211	B6K3M1
SJAG_00493	B6JVS6
SJAG_05236	B6JY13
SJAG_04335	B6K6K0
SJAG_05270	B6K2P0
SJAG_04714	B6K7K0
SJAG_02019	B6JZH9
SJAG_04502	B6K701
SJAG_04177	B6K649
SJAG_01315	B6K0C1
SJAG_02685	B6K0W7
SJAG_02435	B6K2G6
SJAG_01887	B6JZ63
SJAG_05216	B6JXF2
SJAG_02042	B6JZK2
SJAG_05339	B6K7R1
SJAG_01460	B6JY00
SJAG_03795	B6K529
SJAG_00628	B6JW58
SJAG_02565	B6K0K9
SJAG_03288	B6K3U7
SJAG_03328	B6K3Y2
SJAG_01425	B6JXW3
SJAG_04959	B6K880
SJAG_04741	B6K7M5
SJAG_05264	B6K2E3
SJAG_00430	B6JVL6
SJAG_06642	T0S0W3
SJAG_01326	B6K0D3
SJAG_04342	B6K6K7
SJAG_04722	B6K7K8
SJAG_01010	B6JX85
SJAG_00379	B6JVG8
SJAG_05143	B6K8G7
SJAG_01720	B6JYQ5
SJAG_04403	B6K6R5
SJAG_03088	B6K3A4
SJAG_03129	B6K3E5
SJAG_00528	B6JVW1
SJAG_04308	B6K6H6
SJAG_01979	B6JZE3
SJAG_04369	B6K6N2
SJAG_00600	B6JW31
SJAG_00339	B6JVD2
SJAG_03755	B6K2V5
SJAG_03095	B6K3B1
SJAG_02446	B6K2H8
SJAG_01245	B6K056
SJAG_04527	B6K723
SJAG_03743	B6K2U3
SJAG_03613	B6K4Q1
SJAG_00532	B6JVW6
SJAG_04182	B6K654
SJAG_01805	B6JYY2
SJAG_01203	B6K014
SJAG_04670	B6K7G0
SJAG_02447	B6K2H9
SJAG_03851	B6K582
SJAG_04092	B6K5W7
SJAG_03230	B6K3P0
SJAG_01410	B6JXU7
SJAG_01996	B6JZF8
SJAG_00109	B6JXH0
SJAG_04972	B6K892
SJAG_00642	B6JW72
SJAG_00078	B6JUX9
SJAG_02954	B6K2X9
SJAG_04498	B6K6Z7
SJAG_01188	B6JZZ9
SJAG_05273	B6K0J9
SJAG_04030	B6K5Q5
SJAG_04469	B6K6W9
SJAG_01636	B6JYH4
SJAG_03677	B6K4W3
SJAG_03064	B6K381
SJAG_04760	B6K7P3
SJAG_00376	B6JVG5
SJAG_02869	B6K1E3
SJAG_00152	B6JXL0
SJAG_04001	B6K5M5
SJAG_03531	B6K4H0
SJAG_02147	B6K1N6
SJAG_00278	B6JV73
SJAG_02708	B6K0Z0
SJAG_03385	B6K435
SJAG_01450	B6JXZ0
SJAG_03669	B6K4V5
SJAG_06046	T0RSY9
SJAG_04347	B6K6L2
SJAG_00432	B6JVL7
SJAG_00474	B6JVQ9
SJAG_02383	B6K2B5
SJAG_01441	B6JXY1
SJAG_02967	B6K2Z0
SJAG_00798	B6JWM0
SJAG_02666	B6K0V1
SJAG_01745	B6JYS7
SJAG_03756	B6K2V6
SJAG_02148	B6K1N7
SJAG_03667	B6K4V3
SJAG_03315	B6K3X0
SJAG_03523	B6K4G3
SJAG_01356	B6K0G3
SJAG_01833	B6JZ11
SJAG_04419	B6K6T0
SJAG_00947	B6JX21
SJAG_00235	B6JV34
SJAG_04565	B6K759
SJAG_05896	T0TB43
SJAG_16457	T0S149
SJAG_04018	B6K5P2
SJAG_01775	B6JYV4
SJAG_03041	B6K359
SJAG_03121	B6K3D7
SJAG_02908	B6K1H9
SJAG_00591	B6JW22
SJAG_04889	B6K813
SJAG_03555	B6K4J4
SJAG_06591	T0S180
SJAG_00547	B6JVY2
SJAG_01518	B6JY59
SJAG_01367	B6K0H4
SJAG_05192	B6JVX2
SJAG_00569	B6JW02
SJAG_03380	B6K431
SJAG_00655	B6JW83
SJAG_00893	B6JWW8
SJAG_03297	B6K3V5
SJAG_00866	B6JWU1
SJAG_01405	B6JXU2
SJAG_01621	B6JYF9
SJAG_04193	B6K665
SJAG_00103	B6JXG4
SJAG_01250	B6K061
SJAG_04254	B6K6C5
SJAG_00964	B6JX37
SJAG_01661	B6JYK0
SJAG_05249	B6JZ67
SJAG_00405	B6JVJ4
SJAG_03744	B6K2U4
SJAG_04448	B6K6U8
SJAG_03630	B6K4R8
SJAG_04629	B6K7C1
SJAG_00851	B6JWS5
SJAG_04170	B6K642
SJAG_04027	B6K5Q2
SJAG_00740	B6JWG4
SJAG_05321	B6K5X6
SJAG_04260	B6K6D1
SJAG_04215	B6K687
SJAG_04618	B6K7B0
SJAG_00535	B6JVW9
SJAG_00750	B6JWH4
SJAG_06111	T0T6F0
SJAG_02626	B6K0R7
SJAG_02471	B6K2K2
SJAG_01703	B6JYN7
SJAG_00245	B6JV43
SJAG_01162	B6JZX4
SJAG_02059	B6JZL6
SJAG_03407	B6K454
SJAG_02959	B6K2Y4
SJAG_03799	B6K533
SJAG_04032	B6K5Q7
SJAG_04660	B6K7F1
SJAG_00459	B6JVP4
SJAG_02520	B6K2Q4
SJAG_02475	B6K2K7
SJAG_02693	B6K0X5
SJAG_04435	B6K6U6
SJAG_06440	T0S2Y2
SJAG_05000	B6K8C2
SJAG_04690	B6K7H8
SJAG_03580	B6K4L8
SJAG_01725	B6JYR0
SJAG_00265	B6JV62
SJAG_00744	B6JWG8
SJAG_02369	B6K2A1
SJAG_01617	B6JYF5
SJAG_00536	B6JVX0
SJAG_03748	B6K2U8
SJAG_02209	B6K1U8
SJAG_01733	B6JYR6
SJAG_02578	B6K0M1
SJAG_00112	B6JXH3
SJAG_04061	B6K5T5
SJAG_04954	B6K876
SJAG_01320	B6K0C5
SJAG_02163	B6K1Q2
SJAG_00031	B6JUT7
SJAG_03660	B6K4U7
SJAG_00497	B6JVS9
SJAG_02680	B6K0W2
SJAG_03853	B6K584
SJAG_02352	B6K285
SJAG_01274	B6K082
SJAG_01780	B6JYV9
SJAG_02134	B6K1M3
SJAG_03923	B6K5E8
SJAG_02316	B6K251
SJAG_01507	B6JY48
SJAG_01671	B6JYL0
SJAG_02168	B6K1Q6
SJAG_01221	B6K032
SJAG_00503	B6JVT6
SJAG_02417	B6K2E9
SJAG_01194	B6K006
SJAG_01838	B6JZ16
SJAG_04070	B6K5U4
SJAG_02963	B6K2Y8
SJAG_01036	B6JXB0
SJAG_05016	B6K8D8
SJAG_02044	B6JZK4
SJAG_01132	B6JZU2
SJAG_05750	T0RST6
SJAG_05950	T0S350
SJAG_02837	B6K1B2
SJAG_04487	B6K6Y6
SJAG_01520	B6JY61
SJAG_03969	B6K5J6
SJAG_01730	B6JYR3
SJAG_04639	B6K7D1
SJAG_03435	B6K482
SJAG_01482	B6JY24
SJAG_04196	B6K668
SJAG_02879	B6K1F4
SJAG_04619	B6K7B1
SJAG_02473	B6K2K4
SJAG_00219	B6JV19
SJAG_04034	B6K5Q9
SJAG_02478	B6K2L1
SJAG_01654	B6JYJ3
SJAG_05344	B6K7Y0
SJAG_16454	T0S115
SJAG_02952	B6K2X8
SJAG_05300	B6K432
SJAG_03536	B6K4H5
SJAG_05193	B6JVY3
SJAG_03029	B6K347
SJAG_06268	T0S343
SJAG_06637	T0S0W8
SJAG_02655	B6K0U0
SJAG_04069	B6K5U3
SJAG_03384	B6K434
SJAG_01603	B6JYE2
SJAG_00682	B6JWA8
SJAG_04420	B6K6T1
SJAG_04923	B6K847
SJAG_01851	B6JZ28
SJAG_01242	B6K054
SJAG_01407	B6JXU4
SJAG_03803	B6K537
SJAG_02125	B6K1L4
SJAG_00269	B6JV65
SJAG_00826	B6JWP8
SJAG_04135	B6K609
SJAG_01314	B6K0C0
SJAG_04364	B6K6M7
SJAG_02144	B6K1N2
SJAG_00449	B6JVN4
SJAG_02119	B6K1K8
SJAG_06587	T0T6L0
SJAG_02271	B6K207
SJAG_04275	B6K6E5
SJAG_00746	B6JWH0
SJAG_01353	B6K0G0
SJAG_01270	B6K078
SJAG_01918	B6JZ92
SJAG_05260	B6K1X7
SJAG_00774	B6JWJ8
SJAG_01361	B6K0G8
SJAG_04209	B6K681
SJAG_01219	B6K030
SJAG_00229	B6JV28
SJAG_00443	B6JVM8
SJAG_05286	B6K322
SJAG_01301	B6K0A8
SJAG_01122	B6JZT3
SJAG_03010	B6K328
SJAG_01845	B6JZ23
SJAG_03571	B6K4K8
SJAG_01582	B6JYC1
SJAG_01565	B6JYA4
SJAG_02788	B6K164
SJAG_02215	B6K1V5
SJAG_05178	B6JV01
SJAG_01491	B6JY32
SJAG_04081	B6K5V5
SJAG_02647	B6K0T3
SJAG_03150	B6K3G6
SJAG_02434	B6K2G5
SJAG_03237	B6K3P7
SJAG_02904	B6K1H5
SJAG_03411	B6K458
SJAG_03718	B6K2S0
SJAG_03922	B6K5E7
SJAG_01960	B6JZD1
SJAG_03533	B6K4H2
SJAG_03163	B6K3H9
SJAG_04350	B6K6L5
SJAG_02442	B6K2H4
SJAG_03365	B6K417
SJAG_01062	B6JXD4
SJAG_00910	B6JWY5
SJAG_00632	B6JW62
SJAG_01988	B6JZF0
SJAG_04320	B6K6I7
SJAG_04154	B6K625
SJAG_00358	B6JVF0
SJAG_03602	B6K4P0
SJAG_04040	B6K5R4
SJAG_01815	B6JYZ2
SJAG_02309	B6K245
SJAG_04099	B6K5X4
SJAG_04109	B6K5Y3
SJAG_03390	B6K439
SJAG_04290	B6K6F9
SJAG_01369	B6K0H6
SJAG_00709	B6JWD5
SJAG_06585	T0TB52
SJAG_04960	B6K881
SJAG_05199	B6JWH9
SJAG_02398	B6K2D0
SJAG_01938	B6JZA9
SJAG_01298	B6K0A5
SJAG_02338	B6K272
SJAG_02601	B6K0P3
SJAG_00231	B6JV30
SJAG_00414	B6JVK1
SJAG_02901	B6K1H2
SJAG_04121	B6K5Z6
SJAG_00434	B6JVL9
SJAG_03687	B6K4X3
SJAG_01740	B6JYS2
SJAG_01001	B6JX73
SJAG_01486	B6JY27
SJAG_05248	B6JZ04
SJAG_02190	B6K1S8
SJAG_02048	B6JZK8
SJAG_03055	B6K373
SJAG_02235	B6K1X2
SJAG_00777	B6JWK0
SJAG_05240	B6JYC4
SJAG_01942	B6JZB3
SJAG_02290	B6K226
SJAG_02661	B6K0U6
SJAG_01859	B6JZ35
SJAG_03249	B6K3Q8
SJAG_00956	B6JX29
SJAG_02916	B6K1I6
SJAG_03318	B6K3X2
SJAG_03510	B6K4F4
SJAG_00363	B6JVF3
SJAG_02842	B6K1B7
SJAG_04548	B6K744
SJAG_03957	B6K5I3
SJAG_04100	B6K5X5
SJAG_02445	B6K2H7
SJAG_00264	B6JV61
SJAG_01876	B6JZ52
SJAG_01029	B6JXA5
SJAG_03860	B6K591
SJAG_03424	B6K471
SJAG_04558	B6K753
SJAG_04128	B6K603
SJAG_02605	B6K0P7
SJAG_03335	B6K3Y8
SJAG_01552	B6JY92
SJAG_01218	B6K029
SJAG_03838	B6K569
SJAG_00539	B6JVX4
SJAG_04883	B6K807
SJAG_03996	B6K5M0
SJAG_03373	B6K424
SJAG_02077	B6JZN5
SJAG_03312	B6K3W8
SJAG_00240	B6JV39
SJAG_04733	B6K7L7
SJAG_02162	B6K1Q1
SJAG_01567	B6JYA6
SJAG_02504	B6K2N7
SJAG_01072	B6JXE4
SJAG_01476	B6JY18
SJAG_00892	B6JWW7
SJAG_02535	B6K0H9
SJAG_02230	B6K1W7
SJAG_01626	B6JYG4
SJAG_04489	B6K6Y8
SJAG_01841	B6JZ19
SJAG_02727	B6K109
SJAG_02871	B6K1E5
SJAG_00512	B6JVU6
SJAG_03775	B6K508
SJAG_02439	B6K2H0
SJAG_05632	T0S2Z2
SJAG_01042	B6JXB5
SJAG_00396	B6JVI5
SJAG_03015	B6K334
SJAG_00965	B6JX38
SJAG_02345	B6K278
SJAG_03164	B6K3I0
SJAG_01770	B6JYV0
SJAG_01879	B6JZ55
SJAG_04920	B6K844
SJAG_03966	B6K5J3
SJAG_01929	B6JZA2
SJAG_00036	B6JUU2
SJAG_01997	B6JZF9
SJAG_02823	B6K199
SJAG_03615	B6K4Q3
SJAG_01000	B6JX72
SJAG_01897	B6JZ72
SJAG_01493	B6JY34
SJAG_02663	B6K0U8
SJAG_03483	B6K4C7
SJAG_01882	B6JZ58
SJAG_03040	B6K358
SJAG_03690	B6K4X6
SJAG_02270	B6K206
SJAG_06256	T0S156
SJAG_06635	T0S103
SJAG_00034	B6JUU0
SJAG_04395	B6K6Q6
SJAG_00453	B6JVN8
SJAG_05265	B6K2H3
SJAG_00100	B6JV00
SJAG_04785	B6K7R9
SJAG_01591	B6JYD1
SJAG_01672	B6JYL1
SJAG_00788	B6JWL1
SJAG_01176	B6JZY7
SJAG_04922	B6K846
SJAG_03413	B6K460
SJAG_00674	B6JWA1
SJAG_04628	B6K7C0
SJAG_01478	B6JY20
SJAG_06615	T0T6C8
SJAG_02707	B6K0Y9
SJAG_01147	B6JZV7
SJAG_02216	B6K1V6
SJAG_03160	B6K3H6
SJAG_04368	B6K6N1
SJAG_00382	B6JVH1
SJAG_03220	B6K3N0
SJAG_00942	B6JX16
SJAG_00138	B6JXJ6
SJAG_00974	B6JX47
SJAG_04244	B6K6B6
SJAG_00675	B6JWA2
SJAG_03813	B6K547
SJAG_00963	B6JX36
SJAG_03989	B6K5L3
SJAG_04936	B6K860
SJAG_00656	B6JW84
SJAG_00651	B6JW80
SJAG_01278	B6K086
SJAG_01712	B6JYP7
SJAG_03306	B6K3W4
SJAG_04886	B6K810
SJAG_00815	B6JWN8
SJAG_00962	B6JX35
SJAG_03034	B6K352
SJAG_05209	B6JX25
SJAG_03572	B6K4K9
SJAG_02557	B6K0K1
SJAG_01358	B6K0G5
SJAG_03179	B6K3J3
SJAG_03821	B6K554
SJAG_03751	B6K2V1
SJAG_03199	B6K3L0
SJAG_01291	B6K098
SJAG_04614	B6K7A6
SJAG_03011	B6K329
SJAG_04978	B6K899
SJAG_00792	B6JWL5
SJAG_01631	B6JYG9
SJAG_01089	B6JXG2
SJAG_03236	B6K3P6
SJAG_02804	B6K181
SJAG_01259	B6K068
SJAG_04881	B6K805
SJAG_01063	B6JXD5
SJAG_03243	B6K3Q2
SJAG_00167	B6JXM7
SJAG_02239	B6K1X6
SJAG_04543	B6K739
SJAG_05191	B6JVW3
SJAG_01290	B6K097
SJAG_01848	B6JZ25
SJAG_00490	B6JVS4
SJAG_03827	B6K559
SJAG_01910	B6JZ84
SJAG_02280	B6K216
SJAG_04747	B6K7N1
SJAG_03245	B6K3Q4
SJAG_04576	B6K770
SJAG_03643	B6K4T0
SJAG_02458	B6K2I7
SJAG_04867	B6K7Z4
SJAG_03299	B6K3V7
SJAG_03265	B6K3S4
SJAG_03686	B6K4X2
SJAG_06022	T0S170
SJAG_04192	B6K664
SJAG_00796	B6JWL8
SJAG_04836	B6K7W2
SJAG_00653	B6JW82
SJAG_02615	B6K0Q6
SJAG_00745	B6JWG9
SJAG_00578	B6JW11
SJAG_06355	T0RSV7
SJAG_04488	B6K6Y7
SJAG_00257	B6JV55
SJAG_05195	B6JW33
SJAG_00764	B6JWI8
SJAG_03604	B6K4P2
SJAG_04222	B6K694
SJAG_04745	B6K7M9
SJAG_06204	T0T6F3
SJAG_03005	B6K323
SJAG_06616	T0RSR4
SJAG_02638	B6K0S5
SJAG_02957	B6K2Y2
SJAG_04611	B6K7A2
SJAG_03440	B6K487
SJAG_01695	B6JYM9
SJAG_00900	B6JWX5
SJAG_05023	B6K8E5
SJAG_04500	B6K6Z9
SJAG_04059	B6K5T3
SJAG_04230	B6K6A2
SJAG_01986	B6JZE8
SJAG_01506	B6JY47
SJAG_02567	B6K0L1
SJAG_01179	B6JZZ0
SJAG_00029	B6JUV8
SJAG_02255	B6K1Z3
SJAG_04332	B6K6J8
SJAG_00106	B6JXG7
SJAG_00299	B6JV92
SJAG_03606	B6K4P4
SJAG_16456	T0TB24
SJAG_00564	B6JVZ9
SJAG_03231	B6K3P1
SJAG_05182	B6JXQ8
SJAG_02360	B6K293
SJAG_02113	B6K1K3
SJAG_01400	B6JXT6
SJAG_01041	B6JXB4
SJAG_01131	B6JZU1
SJAG_02523	B6K2Q7
SJAG_00634	B6JW64
SJAG_04965	B6K885
SJAG_02427	B6K2F8
SJAG_03916	B6K5E2
SJAG_03383	B6K433
SJAG_00804	B6JWM6
SJAG_00293	B6JV86
SJAG_03289	B6K3U8
SJAG_03554	B6K4J3
SJAG_00614	B6JW45
SJAG_03309	B6K3W5
SJAG_03940	B6K5G5
SJAG_03107	B6K3C3
SJAG_00748	B6JWH2
SJAG_05322	B6K5X7
SJAG_03782	B6K516
SJAG_02940	B6K2W7
SJAG_03815	B6K549
SJAG_00304	B6JV97
SJAG_02694	B6K0X6
SJAG_02231	B6K1W8
SJAG_04914	B6K838
SJAG_04740	B6K7M4
SJAG_04410	B6K6S2
SJAG_00853	B6JWS7
SJAG_01445	B6JXY5
SJAG_02706	B6K0Y8
SJAG_03894	B6K5C4
SJAG_00234	B6JV33
SJAG_04680	B6K7G9
SJAG_00739	B6JWG3
SJAG_04460	B6K6W0
SJAG_00409	B6JVJ6
SJAG_03622	B6K4R0
SJAG_04255	B6K6C6
SJAG_00992	B6JX64
SJAG_03829	B6K561
SJAG_00908	B6JWY3
SJAG_02350	B6K283
SJAG_01877	B6JZ53
SJAG_05014	B6K8D6
SJAG_03825	B6K557
SJAG_01633	B6JYH1
SJAG_02576	B6K0L9
SJAG_05007	B6K8C9
SJAG_03346	B6K3Z8
SJAG_04197	B6K669
SJAG_00246	B6JV44
SJAG_03934	B6K5F9
SJAG_00694	B6JWC0
SJAG_02751	B6K129
SJAG_05235	B6JXY0
SJAG_00456	B6JVP1
SJAG_04123	B6K5Z8
SJAG_00543	B6JVX8
SJAG_00444	B6JVM9
SJAG_01300	B6K0A7
SJAG_00824	B6JWP6
SJAG_02376	B6K2A8
SJAG_04827	B6K7V4
SJAG_03504	B6K4E8
SJAG_06546	T0RSV0
SJAG_03434	B6K481
SJAG_00867	B6JWU2
SJAG_03257	B6K3R6
SJAG_04555	B6K751
SJAG_02776	B6K154
SJAG_01732	B6JYR5
SJAG_04497	B6K6Z6
SJAG_00523	B6JVV6
SJAG_01080	B6JXF3
SJAG_03639	B6K4S7
SJAG_03201	B6K3L2
SJAG_04243	B6K6B5
SJAG_03551	B6K4J0
SJAG_01496	B6JY37
SJAG_05308	B6K2U0
SJAG_03831	B6K563
SJAG_00698	B6JWC4
SJAG_00593	B6JW24
SJAG_03927	B6K5F2
SJAG_05326	B6K639
SJAG_01950	B6JZC1
SJAG_03797	B6K531
SJAG_00442	B6JVM7
SJAG_00150	B6JXK8
SJAG_04432	B6K6U3
SJAG_02766	B6K144
SJAG_02378	B6K2B0
SJAG_03333	B6K3Y6
SJAG_06468	T0TAY2
SJAG_01115	B6JZS6
SJAG_03896	B6K5C6
SJAG_01752	B6JYT3
SJAG_03759	B6K2W0
SJAG_00579	B6JW12
SJAG_01867	B6JZ43
SJAG_03386	B6K436
SJAG_01994	B6JZF6
SJAG_00084	B6JUY5
SJAG_00973	B6JX46
SJAG_02399	B6K2D1
SJAG_00471	B6JVQ6
SJAG_06309	T0S339
SJAG_00214	B6JV14
SJAG_02737	B6K118
SJAG_03327	B6K3Y1
SJAG_02983	B6K304
SJAG_00275	B6JV70
SJAG_05291	B6K3I4
SJAG_03783	B6K517
SJAG_04630	B6K7C2
SJAG_03638	B6K4S6
SJAG_03848	B6K579
SJAG_01767	B6JYU7
SJAG_00581	B6JW14
SJAG_04425	B6K6T6
SJAG_02860	B6K1D4
SJAG_01750	B6JYT2
SJAG_02328	B6K262
SJAG_04948	B6K870
SJAG_04654	B6K7E5
SJAG_02784	B6K161
SJAG_04433	B6K6U4
SJAG_04145	B6K616
SJAG_03120	B6K3D6
SJAG_01168	B6JZY0
SJAG_01177	B6JZY8
SJAG_01342	B6K0E8
SJAG_05186	B6JVH5
SJAG_05978	T0TB47
SJAG_03489	B6K4D3
SJAG_00136	B6JXJ4
SJAG_04171	B6K643
SJAG_03911	B6K5D8
SJAG_02483	B6K2L6
SJAG_00685	B6JWB1
SJAG_00375	B6JVG4
SJAG_05011	B6K8D3
SJAG_02436	B6K2G7
SJAG_00736	B6JWG0
SJAG_05184	B6JVD8
SJAG_00365	B6JVF5
SJAG_01119	B6JZT0
SJAG_03724	B6K2S6
SJAG_03854	B6K585
SJAG_04607	B6K798
SJAG_05261	B6K210
SJAG_03877	B6K5A7
SJAG_01045	B6JXB8
SJAG_01983	B6JZE6
SJAG_01803	B6JYY0
SJAG_04640	B6K7D2
SJAG_04985	B6K8A7
SJAG_04225	B6K698
SJAG_00433	B6JVL8
SJAG_04853	B6K7X9
SJAG_05736	T0S302
SJAG_04160	B6K631
SJAG_01230	B6K042
SJAG_02359	B6K292
SJAG_03264	B6K3S3
SJAG_01863	B6JZ39
SJAG_04736	B6K7M0
SJAG_01998	B6JZG0
SJAG_02716	B6K0Z8
SJAG_01763	B6JYU3
SJAG_04000	B6K5M4
SJAG_04095	B6K5X0
SJAG_02672	B6K0V6
SJAG_00016	B6JUV4
SJAG_01215	B6K026
SJAG_01657	B6JYJ6
SJAG_01711	B6JYP6
SJAG_00959	B6JX32
SJAG_05288	B6K377
SJAG_00422	B6JVK8
SJAG_04303	B6K6H1
SJAG_04749	B6K7N3
SJAG_03446	B6K493
SJAG_03269	B6K3S8
SJAG_01616	B6JYF4
SJAG_02656	B6K0U1
SJAG_03874	B6K5A4
SJAG_05243	B6JYN6
SJAG_03578	B6K4L6
SJAG_00272	B6JV68
SJAG_00971	B6JX44
SJAG_02586	B6K0M8
SJAG_05338	B6K7P7
SJAG_00146	B6JXK4
SJAG_01722	B6JYQ7
SJAG_02640	B6K0S7
SJAG_02853	B6K1C8
SJAG_01535	B6JY76
SJAG_02938	B6K2W6
SJAG_03695	B6K4Y0
SJAG_00268	B6JV64
SJAG_03058	B6K376
SJAG_03872	B6K5A2
SJAG_05245	B6JYR8
SJAG_00094	B6JUZ5
SJAG_00285	B6JV79
SJAG_03859	B6K590
SJAG_00878	B6JWV3
SJAG_01697	B6JYN1
SJAG_00756	B6JWI1
SJAG_02521	B6K2Q5
SJAG_04210	B6K682
SJAG_00624	B6JW54
SJAG_00128	B6JXI7
SJAG_04280	B6K6E8
SJAG_02723	B6K105
SJAG_04388	B6K6Q0
SJAG_00727	B6JWF1
SJAG_00790	B6JWL3
SJAG_03460	B6K4A7
SJAG_01747	B6JYS9
SJAG_02131	B6K1M0
SJAG_04077	B6K5V1
SJAG_01286	B6K094
SJAG_03093	B6K3A9
SJAG_04480	B6K6Y0
SJAG_00277	B6JV72
SJAG_05207	B6JWS3
SJAG_03002	B6K321
SJAG_01130	B6JZU0
SJAG_02252	B6K1Z0
SJAG_00999	B6JX71
SJAG_04117	B6K5Z1
SJAG_04674	B6K7G4
SJAG_02868	B6K1E2
SJAG_02818	B6K195
SJAG_04774	B6K7Q7
SJAG_00096	B6JUZ7
SJAG_02318	B6K253
SJAG_01226	B6K037
SJAG_02943	B6K2W9
SJAG_02762	B6K140
SJAG_01048	B6JXC1
SJAG_03552	B6K4J1
SJAG_01666	B6JYK5
SJAG_04387	B6K6P9
SJAG_02857	B6K1D2
SJAG_04665	B6K7F6
SJAG_05018	B6K8E0
SJAG_01511	B6JY52
SJAG_02484	B6K2L7
SJAG_00312	B6JVA5
SJAG_06605	T0TB19
SJAG_01926	B6JZ99
SJAG_01159	B6JZX1
SJAG_04023	B6K5P8
SJAG_02639	B6K0S6
SJAG_03268	B6K3S7
SJAG_00668	B6JW95
SJAG_00990	B6JX62
SJAG_04887	B6K811
SJAG_02679	B6K0W1
SJAG_03388	B6K438
SJAG_04045	B6K5R9
SJAG_02169	B6K1Q7
SJAG_01456	B6JXZ6
SJAG_04413	B6K6S5
SJAG_00616	B6JW47
SJAG_05340	B6K7R2
SJAG_04169	B6K641
SJAG_05272	B6K0J8
SJAG_03776	B6K509
SJAG_03910	B6K5D7
SJAG_02606	B6K0P8
SJAG_04944	B6K867
SJAG_04401	B6K6R3
SJAG_00239	B6JV38
SJAG_00110	B6JXH1
SJAG_01457	B6JXZ7
SJAG_06110	T0TB11
SJAG_03455	B6K4A2
SJAG_01370	B6K0H7
SJAG_00524	B6JVV7
SJAG_01610	B6JYE9
SJAG_03310	B6K3W6
SJAG_04562	B6K757
SJAG_05301	B6K440
SJAG_02822	B6K198
SJAG_02226	B6K1W3
SJAG_02441	B6K2H2
SJAG_02106	B6JZR1
SJAG_03053	B6K371
SJAG_00173	B6JXN3
SJAG_01797	B6JYX5
SJAG_00025	B6JUW3
SJAG_04385	B6K6P8
SJAG_01299	B6K0A6
SJAG_03752	B6K2V2
SJAG_00135	B6JXJ3
SJAG_04127	B6K602
SJAG_03729	B6K2T1
SJAG_02421	B6K2F3
SJAG_00383	B6JVH2
SJAG_01811	B6JYY8
SJAG_01917	B6JZ91
SJAG_03963	B6K5I9
SJAG_04817	B6K7U5
SJAG_01727	B6JYR1
SJAG_06630	T0TAZ5
SJAG_04931	B6K854
SJAG_06534	T0S133
SJAG_03681	B6K4W7
SJAG_01026	B6JXA2
SJAG_01050	B6JXC3
SJAG_01718	B6JYQ3
SJAG_03360	B6K412
SJAG_01653	B6JYJ2
SJAG_00718	B6JWE2
SJAG_01613	B6JYF2
SJAG_03598	B6K4N6
SJAG_02032	B6JZJ2
SJAG_00996	B6JX68
SJAG_01238	B6K050
SJAG_01684	B6JYM1
SJAG_00821	B6JWP3
SJAG_04888	B6K812
SJAG_01825	B6JZ02
SJAG_00473	B6JVQ8
SJAG_03811	B6K545
SJAG_04024	B6K5P9
SJAG_01408	B6JXU5
SJAG_04870	B6K7Z6
SJAG_03972	B6K5J9
SJAG_00242	B6JV40
SJAG_00141	B6JXJ9
SJAG_01928	B6JZA1
SJAG_04263	B6K6D4
SJAG_04753	B6K7N6
SJAG_05188	B6JVT1
SJAG_04930	B6K853
SJAG_03323	B6K3X7
SJAG_03609	B6K4P7
SJAG_01679	B6JYL8
SJAG_00526	B6JVV9
SJAG_02047	B6JZK7
SJAG_03452	B6K499
SJAG_04932	B6K855
SJAG_01458	B6JXZ8
SJAG_03466	B6K4B2
SJAG_01152	B6JZW3
SJAG_03924	B6K5E9
SJAG_01426	B6JXW4
SJAG_02889	B6K1G1
SJAG_02341	B6K275
SJAG_03673	B6K4V9
SJAG_02808	B6K186
SJAG_02559	B6K0K3
SJAG_04955	B6K877
SJAG_04568	B6K762
SJAG_04820	B6K7U8
SJAG_02102	B6JZQ7
SJAG_03439	B6K486
SJAG_04787	B6K7S1
SJAG_05022	B6K8E4
SJAG_03144	B6K3G0
SJAG_00827	B6JWP9
SJAG_04103	B6K5X8
SJAG_01545	B6JY86
SJAG_03516	B6K4F8
SJAG_00960	B6JX33
SJAG_04583	B6K778
SJAG_01884	B6JZ60
SJAG_02625	B6K0R6
SJAG_02721	B6K103
SJAG_01830	B6JZ08
SJAG_04184	B6K656
SJAG_01676	B6JYL5
SJAG_02611	B6K0Q3
SJAG_01389	B6JXS8
SJAG_00368	B6JVF8
SJAG_01249	B6K060
SJAG_02415	B6K2E7
SJAG_01889	B6JZ65
SJAG_02750	B6K128
SJAG_01267	B6K075
SJAG_03131	B6K3E7
SJAG_01637	B6JYH5
SJAG_00884	B6JWV9
SJAG_00898	B6JWX3
SJAG_00169	B6JXM9
SJAG_05231	B6JXW0
SJAG_03666	B6K4V2
SJAG_04980	B6K8A1
SJAG_03320	B6K3X4
SJAG_02746	B6K124
SJAG_04950	B6K872
SJAG_02205	B6K1U3
SJAG_02673	B6K0V7
SJAG_01222	B6K033
SJAG_02852	B6K1C7
SJAG_00197	B6JXQ5
SJAG_01333	B6K0E0
SJAG_05211	B6JX77
SJAG_01248	B6K059
SJAG_03651	B6K4T8
SJAG_04233	B6K6A5
SJAG_02243	B6K1Y1
SJAG_02649	B6K0T5
SJAG_06621	T0S2Y8
SJAG_00077	B6JUX8
SJAG_01322	B6K0C8
SJAG_00041	B6JUU8
SJAG_02812	B6K190
SJAG_04219	B6K691
SJAG_00162	B6JXM2
SJAG_01894	B6JZ69
SJAG_01143	B6JZV3
SJAG_04248	B6K6C0
SJAG_04292	B6K6G1
SJAG_00673	B6JWA0
SJAG_04090	B6K5W4
SJAG_01182	B6JZZ3
SJAG_04682	B6K7H1
SJAG_04270	B6K6E0
SJAG_01440	B6JXX9
SJAG_04705	B6K7J2
SJAG_03817	B6K551
SJAG_03798	B6K532
SJAG_01189	B6K000
SJAG_01069	B6JXE1
SJAG_04180	B6K652
SJAG_03296	B6K3V4
SJAG_01768	B6JYU8
SJAG_04131	B6K606
SJAG_01435	B6JXX3
SJAG_01397	B6JXT5
SJAG_01046	B6JXB9
SJAG_02906	B6K1H7
SJAG_02275	B6K211
SJAG_03987	B6K5L2
SJAG_03436	B6K483
SJAG_02570	B6K0L4
SJAG_01479	B6JY21
SJAG_01355	B6K0G2
SJAG_01292	B6K099
SJAG_03786	B6K520
SJAG_03210	B6K3M0
SJAG_04141	B6K612
SJAG_05279	B6K183
SJAG_00087	B6JUY8
SJAG_03570	B6K4K7
SJAG_02086	B6JZP4
SJAG_04062	B6K5T6
SJAG_04417	B6K6S8
SJAG_00602	B6JW34
SJAG_02211	B6K1V1
SJAG_00620	B6JW51
SJAG_01596	B6JYD6
SJAG_04898	B6K822
SJAG_04323	B6K6J0
SJAG_04421	B6K6T2
SJAG_01655	B6JYJ4
SJAG_03222	B6K3N2
SJAG_03999	B6K5M3
SJAG_03766	B6K503
SJAG_02662	B6K0U7
SJAG_02657	B6K0U2
SJAG_04344	B6K6K9
SJAG_04202	B6K674
SJAG_01463	B6JY03
SJAG_00181	B6JXP0
SJAG_00519	B6JVV3
SJAG_01686	B6JYM3
SJAG_04661	B6K7F2
SJAG_02893	B6K1G4
SJAG_03304	B6K3W2
SJAG_04204	B6K676
SJAG_01409	B6JXU6
SJAG_05214	B6JX99
SJAG_02173	B6K1R1
SJAG_00563	B6JVZ8
SJAG_05221	B6K038
SJAG_02759	B6K137
SJAG_01908	B6JZ82
SJAG_00213	B6JV13
SJAG_02063	B6JZM0
SJAG_01013	B6JX88
SJAG_02941	B6K2W8
SJAG_04956	B6K878
SJAG_04072	B6K5U6
SJAG_01667	B6JYK6
SJAG_00754	B6JWH8
SJAG_04080	B6K5V4
SJAG_04108	B6K5Y2
SJAG_03025	B6K344
SJAG_01444	B6JXY4
SJAG_04328	B6K6J5
SJAG_03507	B6K4F1
SJAG_06639	T0S2X2
SJAG_03525	B6K4G5
SJAG_00373	B6JVG2
SJAG_01390	B6JXS9
SJAG_04566	B6K760
SJAG_01585	B6JYC5
SJAG_04152	B6K623
SJAG_00203	B6JXR0
SJAG_00846	B6JWR9
SJAG_03134	B6K3F0
SJAG_00912	B6JWY7
SJAG_04596	B6K789
SJAG_03258	B6K3R7
SJAG_03561	B6K4J9
SJAG_00039	B6JUU6
SJAG_04837	B6K7W3
SJAG_02686	B6K0W8
SJAG_16453	T0T6E5
SJAG_02016	B6JZH6
SJAG_00723	B6JWE7
SJAG_02883	B6K1F6
SJAG_00555	B6JVZ0
SJAG_00427	B6JVL3
SJAG_00126	B6JXI5
SJAG_01854	B6JZ31
SJAG_02944	B6K2X0
SJAG_03472	B6K4B8
SJAG_03741	B6K2U2
SJAG_01209	B6K020
SJAG_05233	B6JXX6
SJAG_00920	B6JWZ5
SJAG_04971	B6K891
SJAG_02332	B6K266
SJAG_01428	B6JXW6
SJAG_02012	B6JZH2
SJAG_03213	B6K3M3
SJAG_03862	B6K593
SJAG_02956	B6K2Y1
SJAG_04289	B6K6F8
SJAG_01924	B6JZ97
SJAG_06471	T0S0X2
SJAG_02845	B6K1C0
SJAG_04262	B6K6D3
SJAG_01464	B6JY04
SJAG_05208	B6JWT1
SJAG_01474	B6JY15
SJAG_03232	B6K3P2
SJAG_03878	B6K5A8
SJAG_02903	B6K1H4
SJAG_02336	B6K270
SJAG_05617	T0T6D2
SJAG_00933	B6JX07
SJAG_00779	B6JWK2
SJAG_04652	B6K7E3
SJAG_03539	B6K4H8
SJAG_04142	B6K613
SJAG_04638	B6K7D0
SJAG_04704	B6K7J1
SJAG_01881	B6JZ57
SJAG_04855	B6K7Y2
SJAG_00488	B6JVS2
SJAG_00968	B6JX41
SJAG_01852	B6JZ29
SJAG_01211	B6K022
SJAG_01200	B6K011
SJAG_02564	B6K0K8
SJAG_01927	B6JZA0
SJAG_03097	B6K3B3
SJAG_02326	B6K260
SJAG_01002	B6JX74
SJAG_02667	B6K0V2
SJAG_02825	B6K1A1
SJAG_03387	B6K437
SJAG_01471	B6JY11
SJAG_02947	B6K2X3
SJAG_04671	B6K7G1
SJAG_02764	B6K142
SJAG_04354	B6K6L9
SJAG_04653	B6K7E4
SJAG_01566	B6JYA5
SJAG_05305	B6K4F9
SJAG_00425	B6JVL1
SJAG_04625	B6K7B7
SJAG_03234	B6K3P4
SJAG_02180	B6K628
SJAG_04157	B6K628
SJAG_00468	B6JVQ3
SJAG_02585	B6JVQ3
SJAG_00021	B6K1L6
SJAG_02127	B6K1L6
SJAG_01438	B6JXX7
SJAG_05332	B6JXX7
SJAG_01287	B6K095
SJAG_02224	B6K095
SJAG_01632	B6JYH0
SJAG_02682	B6JYH0
SJAG_03568	B6JYH0
SJAG_00303	B6JV96
SJAG_00336	B6JV96
SJAG_03542	B6JV96
SJAG_01608	B6JYE7
SJAG_03423	B6JYE7
SJAG_01365	B6K0H2
SJAG_02891	B6K0H2
SJAG_03971	B6K0H2
SJAG_00940	B6JX14
SJAG_01721	B6JX14
SJAG_00302	B6JV95
SJAG_00335	B6JV95
SJAG_03543	B6JV95
SJAG_01414	B6K422
SJAG_03370	B6K422
SJAG_01366	B6K0H3
SJAG_02894	B6K0H3
SJAG_00027	B6JUV6
SJAG_02135	B6JUV6
SJAG_02945	B6JUV6
SJAG_03828	B6JUV6
SJAG_03903	B6JUV6
SJAG_01087	B6JXG0
SJAG_03197	B6JXG0
SJAG_03919	B6K5E4
SJAG_04478	B6K5E4
SJAG_02861	B6K1D5
SJAG_04188	B6K1D5
SJAG_02749	B6K127
SJAG_04746	B6K127
SJAG_04324	B6K6J1
SJAG_04663	B6K6J1
